StationCode,Date,Flow
LIB,2014-10-01,401.26975
LIB,2014-10-02,-73.90033333333334
LIB,2014-10-03,-352.5704166666667
LIB,2014-10-04,-478.93058333333335
LIB,2014-10-05,-695.2778333333333
LIB,2014-10-06,-914.6839166666666
LIB,2014-10-07,-942.069875
LIB,2014-10-08,-939.012
LIB,2014-10-09,-848.82825
LIB,2014-10-10,-624.7507083333334
LIB,2014-10-11,-303.962
LIB,2014-10-12,-54.902499999999996
LIB,2014-10-13,-853.050875
LIB,2014-10-14,-967.698125
LIB,2014-10-15,-185.687125
LIB,2014-10-16,-93.73529166666667
LIB,2014-10-17,-168.41554166666666
LIB,2014-10-18,-481.1012083333333
LIB,2014-10-19,-697.5673333333333
LIB,2014-10-20,-560.535125
LIB,2014-10-21,-285.64320833333335
LIB,2014-10-22,-577.9589583333334
LIB,2014-10-23,-501.851625
LIB,2014-10-24,-755.008875
LIB,2014-10-25,-872.0992083333333
LIB,2014-10-26,-208.74866666666668
LIB,2014-10-27,-380.0002083333333
LIB,2014-10-28,-488.27825
LIB,2014-10-29,-554.2435833333333
LIB,2014-10-30,-784.5495384615385
LIB,2014-11-03,-457.8645
LIB,2014-11-04,-670.8648333333333
LIB,2014-11-05,-900.0175
LIB,2014-11-06,-900.5690416666666
LIB,2014-11-07,-822.375625
LIB,2014-11-08,-781.37575
LIB,2015-07-06,-1777.5
LIB,2015-07-07,-1802.5
LIB,2015-07-08,-2052.9166666666665
LIB,2015-07-09,-1987.5
LIB,2015-07-10,-2037.9166666666667
LIB,2015-07-11,-2103.3333333333335
LIB,2015-07-12,-1993.75
LIB,2015-07-13,-1945
LIB,2015-07-14,-1884.1666666666667
LIB,2015-07-15,-1924.1666666666667
LIB,2015-07-16,-1995
LIB,2015-07-17,-1967.5
LIB,2015-07-18,-1761.6666666666667
LIB,2015-07-19,-1355
LIB,2015-07-20,-1647.0833333333333
LIB,2015-07-21,-2010.8333333333333
LIB,2015-07-22,-2170.8333333333335
LIB,2015-07-23,-1724.1666666666667
LIB,2015-07-24,-1573.75
LIB,2015-07-25,-1776.6666666666667
LIB,2015-07-26,-1955.8333333333333
LIB,2015-07-27,-1773.75
LIB,2015-07-28,-1821.25
LIB,2015-07-29,-1961.25
LIB,2015-07-30,-2037.9166666666667
LIB,2015-07-31,-2155.4166666666665
LIB,2015-08-01,-2268.75
LIB,2015-08-02,-2171.6666666666665
LIB,2015-08-03,-1886.25
LIB,2015-08-04,-1479.5833333333333
LIB,2015-08-05,-1624.1666666666667
LIB,2015-08-06,-1977.0833333333333
LIB,2015-08-07,-2058.3333333333335
LIB,2015-08-08,-1814.5833333333333
LIB,2015-08-09,-1814.5833333333333
LIB,2015-08-10,-2092.0833333333335
LIB,2015-08-11,-1891.25
LIB,2015-08-12,-1744.1666666666667
LIB,2015-08-13,-1710.8333333333333
LIB,2015-08-14,-1455.4166666666667
LIB,2015-08-15,-1435.4166666666667
LIB,2015-08-16,-1449.1666666666667
LIB,2015-08-17,-1710.8333333333333
LIB,2015-08-18,-1935.4166666666667
LIB,2015-08-19,-1816.25
LIB,2015-08-20,-1680.4166666666667
LIB,2015-08-21,-1758.3333333333333
LIB,2015-08-22,-1643.3333333333333
LIB,2015-08-23,-1544.1666666666667
LIB,2015-08-24,-1469.5833333333333
LIB,2015-08-25,-1529.5833333333333
LIB,2015-08-26,-1574.1666666666667
LIB,2015-08-27,-1642.5
LIB,2015-08-28,-1937.5
LIB,2015-08-29,-1797.5
LIB,2015-08-30,-1655.4166666666667
LIB,2015-08-31,-1700.8333333333333
LIB,2015-09-01,-1691.25
LIB,2015-09-02,-1703.75
LIB,2015-09-03,-1694.1666666666667
LIB,2015-09-04,-1597.0833333333333
LIB,2015-09-05,-1187.9166666666667
LIB,2015-09-06,-1398.3333333333333
LIB,2015-09-07,-1487.0833333333333
LIB,2015-09-08,-1557.5
LIB,2015-09-09,-1545.8333333333333
LIB,2015-09-10,-1487.0833333333333
LIB,2015-09-11,-1614.1666666666667
LIB,2015-09-12,-1636.25
LIB,2015-09-13,-1736.25
LIB,2015-09-14,-1677.0833333333333
LIB,2015-09-15,-1470.4166666666667
LIB,2015-09-16,-1312.0833333333333
LIB,2015-09-17,-1272.9166666666667
LIB,2015-09-18,-1245.8333333333333
LIB,2015-09-19,-1235.8333333333333
LIB,2015-09-20,-1309.2857142857142
LIB,2015-09-26,-1635
LIB,2015-09-27,-1773.3333333333333
LIB,2015-09-28,-1918.75
LIB,2015-09-29,-1799.1666666666667
LIB,2015-09-30,-1562.9166666666667
LIB,2015-10-01,-1552.5
LIB,2015-10-02,-1598.3333333333333
LIB,2015-10-03,-1841.25
LIB,2015-10-04,-1627.0833333333333
LIB,2015-10-05,-1392.5
LIB,2015-10-06,-1253.75
LIB,2015-10-07,-1409.1666666666667
LIB,2015-10-08,-1444.5833333333333
LIB,2015-10-09,-1429.5833333333333
LIB,2015-10-10,-1493.75
LIB,2015-10-11,-1454.1666666666667
LIB,2015-10-12,-1533.3333333333333
LIB,2015-10-13,-1628.3333333333333
LIB,2015-10-14,-1795.8333333333333
LIB,2015-10-15,-1739.5833333333333
LIB,2015-10-16,-1708.3333333333333
LIB,2015-10-17,-1690.8333333333333
LIB,2015-10-18,-1443.75
LIB,2015-10-19,-1169.1666666666667
LIB,2015-10-20,-1032.75
LIB,2015-10-21,-1354.1666666666667
LIB,2015-10-22,-1472.5
LIB,2015-10-23,-1503.3333333333333
LIB,2015-10-24,-1541.25
LIB,2015-10-25,-1476.6666666666667
LIB,2015-10-26,-1478.75
LIB,2015-10-27,-1686.25
LIB,2015-10-28,-1504.1666666666667
LIB,2015-10-29,-802.5833333333334
LIB,2015-10-30,-867.375
LIB,2015-10-31,-1238.3333333333333
LIB,2015-11-01,-1115
LIB,2015-11-02,-886.7916666666666
LIB,2015-11-03,-492
LIB,2015-11-04,-212.08333333333334
LIB,2015-11-05,-593.7916666666666
LIB,2015-11-06,-904.75
LIB,2015-11-07,-1182.0833333333333
LIB,2015-11-08,-1398.3333333333333
LIB,2015-11-09,-1310
LIB,2015-11-10,-784.25
LIB,2015-11-11,-817.8333333333334
LIB,2015-11-12,-1169.5833333333333
LIB,2015-11-13,-1260.4166666666667
LIB,2015-11-14,-1582.9166666666667
LIB,2015-11-15,-1293.0416666666667
LIB,2015-11-16,-73.65166666666667
LIB,2016-05-29,-1500.4166666666667
LIB,2016-05-30,-1567.0833333333333
LIB,2016-05-31,-1801.6666666666667
LIB,2016-06-01,-1800
LIB,2016-06-02,-1555.4166666666667
LIB,2016-06-03,-1592.9166666666667
LIB,2016-06-04,-1905.4166666666667
LIB,2016-06-05,-2002
LIB,2016-06-16,-1286.875
LIB,2016-06-17,-1417.0833333333333
LIB,2016-06-18,-1159.5833333333333
LIB,2016-06-19,-1400
LIB,2016-06-20,-1501.6666666666667
LIB,2016-06-21,-1593.75
LIB,2016-06-22,-1582.9166666666667
LIB,2016-06-23,-1675
LIB,2016-06-24,-1363.75
LIB,2016-06-25,-1272.0833333333333
LIB,2016-06-26,-1266.6666666666667
LIB,2016-06-27,-1302.0833333333333
LIB,2016-06-28,-1428.75
LIB,2016-06-29,-1598.3333333333333
LIB,2016-06-30,-1633.3333333333333
LIB,2016-07-01,-1879.1666666666667
LIB,2016-07-02,-1964.1666666666667
LIB,2016-07-03,-1723.3333333333333
LIB,2016-07-04,-1730
LIB,2016-07-05,-1685
LIB,2016-07-06,-1280.8333333333333
LIB,2016-07-07,-1258.75
LIB,2016-07-08,-1335.8333333333333
LIB,2016-07-09,-1387.5
LIB,2016-07-10,-1127.5
LIB,2016-07-11,-1150.4166666666667
LIB,2016-07-12,-1275.8333333333333
LIB,2016-07-13,-1318.3333333333333
LIB,2016-07-14,-1531.6666666666667
LIB,2016-07-15,-1692.0833333333333
LIB,2016-07-16,-1717.9166666666667
LIB,2016-07-17,-1578.3333333333333
LIB,2016-07-18,-1400.8333333333333
LIB,2016-07-19,-1309.5833333333333
LIB,2016-07-20,-1204.1666666666667
LIB,2016-07-21,-1250.4166666666667
LIB,2016-07-22,-1087.0833333333333
LIB,2016-07-23,-1188.75
LIB,2016-07-24,-1222.0833333333333
LIB,2016-07-25,-1125.8333333333333
LIB,2016-07-26,-1165.8333333333333
LIB,2016-07-27,-1397.0833333333333
LIB,2016-07-28,-1410.4166666666667
LIB,2016-07-29,-1432.0833333333333
LIB,2016-07-30,-1603.75
LIB,2016-07-31,-1381.6666666666667
LIB,2016-08-01,-1328.75
LIB,2016-08-02,-1298.75
LIB,2016-08-03,-1600
LIB,2016-08-04,-1728.75
LIB,2016-08-05,-1316.6666666666667
LIB,2016-08-06,-1073.5416666666667
LIB,2016-08-07,-914.0833333333334
LIB,2016-08-08,-990.0416666666666
LIB,2016-08-09,-1262.0833333333333
LIB,2016-08-10,-1407.9166666666667
LIB,2016-08-11,-1239.5833333333333
LIB,2016-08-12,-1087.9166666666667
LIB,2016-08-13,-1147.5
LIB,2016-08-14,-1216.6666666666667
LIB,2016-08-15,-1236.6666666666667
LIB,2016-08-16,-1272.5
LIB,2016-08-17,-1088.2916666666667
LIB,2016-08-18,-1150.8333333333333
LIB,2016-08-19,-1411.6666666666667
LIB,2016-08-20,-1287.5
LIB,2016-08-21,-1400
LIB,2016-08-22,-1425.4166666666667
LIB,2016-08-23,-1264.5833333333333
LIB,2016-08-24,-1279.1666666666667
LIB,2016-08-25,-1449.1666666666667
LIB,2016-08-26,-1584.5833333333333
LIB,2016-08-27,-1364.1666666666667
LIB,2016-08-28,-1216.6666666666667
LIB,2016-08-29,-1232.9166666666667
LIB,2016-08-30,-1282.5
LIB,2016-08-31,-1256.25
LIB,2016-09-01,-1102.0833333333333
LIB,2016-09-02,-1179.1666666666667
LIB,2016-09-03,-1301.6666666666667
LIB,2016-09-04,-1092.9166666666667
LIB,2016-09-05,-1180.4166666666667
LIB,2016-09-06,-1096.6666666666667
LIB,2016-09-07,-1394.5833333333333
LIB,2016-09-08,-1864.5833333333333
LIB,2016-09-09,-1657.0833333333333
LIB,2016-09-10,-1787.9166666666667
LIB,2016-09-11,-2138.75
LIB,2016-09-12,-1888.3333333333333
LIB,2016-09-13,-1186.2083333333333
LIB,2016-09-14,-1004.6666666666666
LIB,2016-09-15,-1270.8333333333333
LIB,2016-09-16,-1369.1666666666667
LIB,2017-07-14,-663.9583333333334
LIB,2017-07-15,-564.875
LIB,2017-07-16,-674
LIB,2017-07-17,-1003.7083333333334
LIB,2017-07-18,-1050.8333333333333
LIB,2017-07-19,-1007.8333333333334
LIB,2017-07-20,-1070.8333333333333
LIB,2017-07-21,-1028.8333333333333
LIB,2017-07-22,-988.4583333333334
LIB,2017-07-23,-1241.6666666666667
LIB,2017-07-24,-1299.1666666666667
LIB,2017-07-25,-1185.4166666666667
LIB,2017-07-26,-1122.0833333333333
LIB,2017-07-27,-918.5833333333334
LIB,2017-07-28,-916.5416666666666
LIB,2017-07-29,-906.7083333333334
LIB,2017-07-30,-1000.2916666666666
LIB,2017-07-31,-1022.25
LIB,2017-08-01,-1015
LIB,2017-08-02,-1089.5833333333333
LIB,2017-08-03,-1153.3333333333333
LIB,2017-08-04,-1411.25
LIB,2017-08-05,-1755
LIB,2017-08-06,-1659.1666666666667
LIB,2017-08-07,-1393.3333333333333
LIB,2017-08-08,-1282.9166666666667
LIB,2017-08-09,-1144.5833333333333
LIB,2017-08-10,-1074.5833333333333
LIB,2017-08-11,-1079.5833333333333
LIB,2017-08-12,-1194.5833333333333
LIB,2017-08-13,-1324.5833333333333
LIB,2017-08-14,-1244.5833333333333
LIB,2017-08-15,-1108.3333333333333
LIB,2017-08-16,-1072.0833333333333
LIB,2017-08-17,-1199.5833333333333
LIB,2017-08-18,-1239.1666666666667
LIB,2017-08-19,-1326.6666666666667
LIB,2017-08-20,-1436.25
LIB,2017-08-21,-1441.6666666666667
LIB,2017-08-22,-1235
LIB,2017-08-23,-1212.5
LIB,2017-08-24,-1119.75
LIB,2017-08-25,-760.4166666666666
LIB,2017-08-26,-670.625
LIB,2017-08-27,-766.0833333333334
LIB,2017-08-28,-935.0833333333334
LIB,2017-08-29,-971.25
LIB,2017-08-30,-666.2916666666666
LIB,2017-08-31,-517.2916666666666
LIB,2017-09-01,-759.375
LIB,2017-09-02,-906.2083333333334
LIB,2017-09-03,-1217.9166666666667
LIB,2017-09-04,-1540
LIB,2017-09-05,-1417.0833333333333
LIB,2017-09-06,-1379.1666666666667
LIB,2017-09-07,-1029.3333333333333
LIB,2017-09-08,-1270.8333333333333
LIB,2017-09-09,-1155
LIB,2017-09-10,-1450.8333333333333
LIB,2017-09-11,-1586.25
LIB,2017-09-12,-1562.0833333333333
LIB,2017-09-13,-1581.6666666666667
LIB,2017-09-14,-1291.25
LIB,2017-09-15,-1480
LIB,2017-09-16,-1465.4166666666667
LIB,2017-09-17,-1372.5
LIB,2017-09-18,-1255.4166666666667
LIB,2017-09-19,-1077.9166666666667
LIB,2017-09-20,-1387.0833333333333
LIB,2017-09-21,-1074.4782608695652
LIB,2017-09-29,-921.1666666666666
LIB,2017-09-30,-840
LIB,2017-10-03,-892
LIB,2017-10-04,-865.1428571428571
LIB,2017-10-09,17.62727272727273
LIB,2017-10-13,-236.66666666666666
LIB,2017-10-14,-315.5
LIB,2017-10-15,-656.2916666666666
LIB,2017-10-16,-726.75
LIB,2017-10-17,-888.0833333333334
LIB,2017-10-18,-1104.4166666666667
LIB,2017-10-19,-1191.6666666666667
LIB,2017-10-20,-707.9583333333334
LIB,2017-10-21,-449.125
LIB,2017-10-22,-392.5833333333333
LIB,2017-10-23,-586.8333333333334
LIB,2017-10-24,-666.4166666666666
LIB,2017-10-25,-605.125
LIB,2017-10-26,-409.4583333333333
LIB,2017-10-27,-384.8333333333333
LIB,2017-10-28,-615.1666666666666
LIB,2017-10-29,-646.25
LIB,2017-10-30,-651
LIB,2017-10-31,-526.5416666666666
LIB,2017-11-01,-643.0416666666666
LIB,2017-11-02,-651.6923076923077
LIB,2018-07-14,-1110
LIB,2018-07-15,-995.4583333333334
LIB,2018-07-16,-691.6666666666666
LIB,2018-07-17,-386.25
LIB,2018-07-18,-354.75
LIB,2018-07-19,-680.625
LIB,2018-07-20,-733
LIB,2018-07-21,-900.875
LIB,2018-07-22,-908.0416666666666
LIB,2018-07-23,-719.25
LIB,2018-07-24,-584.2916666666666
LIB,2018-07-25,-618.4166666666666
LIB,2018-07-26,-953.7083333333334
LIB,2018-07-27,-1003.0833333333334
LIB,2018-07-28,-765.8571428571429
LIB,2018-08-03,-554.7826086956521
LIB,2018-08-04,-658.125
LIB,2018-08-05,-672
LIB,2018-08-12,-1025
LIB,2018-08-13,-1091.6666666666667
LIB,2018-08-14,-1085.3846153846155
LIB,2018-08-18,-725.5
LIB,2018-08-21,-923.2
LIB,2018-08-22,-842.25
LIB,2018-08-23,-878.2916666666666
LIB,2018-08-24,-652.4166666666666
LIB,2018-08-25,-655.375
LIB,2018-08-26,-922.75
LIB,2018-08-27,-970.9583333333334
LIB,2018-08-28,-683.5416666666666
LIB,2018-08-29,-374.5833333333333
LIB,2018-08-30,-270.4166666666667
LIB,2018-08-31,-300.4583333333333
LIB,2018-09-01,-515.5833333333334
LIB,2018-09-02,-661.8333333333334
LIB,2018-09-03,-743.7083333333334
LIB,2018-09-04,-663.0833333333334
LIB,2018-09-05,-695.9166666666666
LIB,2018-09-06,-456.5416666666667
LIB,2018-09-07,-465.5833333333333
LIB,2018-09-08,-590.6666666666666
LIB,2018-09-27,-1003.3076923076923
LIB,2018-09-28,-935.625
LIB,2018-09-29,-710.9166666666666
LIB,2018-09-30,-526.0833333333334
LIB,2018-10-01,-715.7083333333334
LIB,2018-10-02,-827.375
LIB,2018-10-03,-649.5
LIB,2018-10-04,-616
LIB,2018-10-11,-633.7692307692307
LIB,2018-10-12,-477.3333333333333
LIB,2018-10-13,-591.25
LIB,2018-10-14,-361
LIB,2018-10-21,-689
LIB,2018-10-22,-666.5909090909091
LIB,2018-10-31,-162
LIB,2019-07-11,-890.375
LIB,2019-07-12,-927.5416666666666
LIB,2019-07-13,-931.0416666666666
LIB,2019-07-14,-861.5416666666666
LIB,2019-07-15,-863.2916666666666
LIB,2019-07-16,-904.7916666666666
LIB,2019-07-17,-658.8333333333334
LIB,2019-07-18,-821.0833333333334
LIB,2019-07-19,-911.0833333333334
LIB,2019-07-20,-770.875
LIB,2019-07-21,-534.7083333333334
LIB,2019-07-22,-463.6666666666667
LIB,2019-07-23,-769.25
LIB,2019-07-24,-631.5833333333334
LIB,2019-07-25,-670.625
LIB,2019-07-26,-711.5625
LIB,2019-07-29,-1260
LIB,2019-07-30,-1125
LIB,2019-07-31,-1070.8333333333333
LIB,2019-08-01,-1117.142857142857
LIB,2019-08-24,-422.125
LIB,2019-08-25,-370.0833333333333
LIB,2019-08-26,-548.0416666666666
LIB,2019-08-27,-813
LIB,2019-08-28,-1160.5263157894738
LIB,2019-09-03,-719.8181818181819
LIB,2019-09-04,-715
LIB,2019-09-07,-756.2
LIB,2019-09-08,-589.8333333333334
LIB,2019-09-12,-1034
LIB,2019-09-13,-968.3333333333334
LIB,2019-09-14,-980.1666666666666
LIB,2019-09-15,-920.6
LIB,2019-09-18,-454.3333333333333
LIB,2019-09-19,-136.62291666666667
LIB,2019-09-20,73.75416666666666
LIB,2019-09-21,162.285
LIB,2019-09-22,-320.64285714285717
LIB,2019-10-24,-543.1428571428571
LIB,2019-10-25,-699.1428571428571
LIS,2013-07-07,-15.5
LIS,2013-07-08,2.56
LIS,2013-07-09,6.91
LIS,2013-07-10,-5.68
LIS,2013-07-11,-1.93
LIS,2013-07-12,-3.83
LIS,2013-07-13,-30.7
LIS,2013-07-14,-59
LIS,2013-07-15,-74.6
LIS,2013-07-16,-69.1
LIS,2013-07-17,-63.2
LIS,2013-07-18,-78.4
LIS,2013-07-19,-93.3
LIS,2013-07-20,-83
LIS,2013-07-21,-68.9
LIS,2013-07-22,-46.9
LIS,2013-07-23,-37.6
LIS,2013-07-24,-38.2
LIS,2013-07-25,-43.8
LIS,2013-07-26,-39.2
LIS,2013-07-27,-46.2
LIS,2013-07-28,-58.2
LIS,2013-07-29,-59.1
LIS,2013-07-30,-52.9
LIS,2013-07-31,-69.6
LIS,2013-08-01,-68.4
LIS,2013-08-02,-57.2
LIS,2013-08-03,-57.2
LIS,2013-08-04,-53.7
LIS,2013-08-05,-44.3
LIS,2013-08-06,-49
LIS,2013-08-07,-45.5
LIS,2013-08-08,-44
LIS,2013-08-09,-57.7
LIS,2013-08-10,-61.7
LIS,2013-08-11,-54.1
LIS,2013-08-12,-45.4
LIS,2013-08-13,-45
LIS,2013-08-14,-47.6
LIS,2013-08-15,-47.2
LIS,2013-08-16,-33
LIS,2013-08-17,-26
LIS,2013-08-18,-16.4
LIS,2013-08-19,-14.4
LIS,2013-08-20,-11.3
LIS,2013-08-21,7.75
LIS,2013-08-22,21.8
LIS,2013-08-23,31.2
LIS,2013-08-24,45.4
LIS,2013-08-25,53.4
LIS,2013-08-26,35.5
LIS,2013-08-27,25.1
LIS,2013-08-28,66.8
LIS,2013-08-29,110
LIS,2013-08-30,126
LIS,2013-08-31,132
LIS,2013-09-01,126
LIS,2013-09-02,118
LIS,2013-09-03,114
LIS,2013-09-04,111
LIS,2013-09-05,105
LIS,2013-09-06,120
LIS,2013-09-07,139
LIS,2013-09-08,148
LIS,2013-09-09,157
LIS,2013-09-10,177
LIS,2013-09-11,201
LIS,2013-09-12,212
LIS,2013-09-13,240
LIS,2013-09-14,248
LIS,2013-09-15,205
LIS,2013-09-16,186
LIS,2013-09-17,170
LIS,2013-09-18,145
LIS,2013-09-19,120
LIS,2013-09-20,111
LIS,2013-09-21,125
LIS,2013-09-26,274
LIS,2013-09-27,252
LIS,2013-09-28,211
LIS,2013-09-29,157
LIS,2013-09-30,102
LIS,2013-10-01,42.7
LIS,2013-10-02,4.84
LIS,2013-10-03,-4.39
LIS,2013-10-04,-21.1
LIS,2013-10-05,-39.4
LIS,2013-10-06,-43.1
LIS,2013-10-07,-45
LIS,2013-10-08,-50.8
LIS,2013-10-09,-59.1
LIS,2013-10-10,-36.2
LIS,2013-10-11,0.749
LIS,2013-10-12,19.9
LIS,2013-10-13,9.46
LIS,2013-10-14,-16.8
LIS,2013-10-15,-31.7
LIS,2013-10-16,-37.5
LIS,2013-10-17,-48.6
LIS,2013-10-18,-53.4
LIS,2013-10-19,-58.6
LIS,2013-10-20,-57.4
LIS,2013-10-21,-51.2
LIS,2013-10-22,-54.5
LIS,2013-10-23,-50.8
LIS,2013-10-24,-45
LIS,2013-10-25,-31.4
LIS,2013-10-26,-30.1
LIS,2013-10-27,-51.3
LIS,2013-10-28,-35.4
LIS,2013-10-29,-19.2
LIS,2013-10-30,-30.2
LIS,2013-10-31,-27
LIS,2013-11-01,-34.6
LIS,2013-11-02,-46.7
LIS,2013-11-03,-41.6
LIS,2013-11-04,-44.7
LIS,2013-11-05,-53.1
LIS,2013-11-06,-51.8
LIS,2013-11-07,-51.7
LIS,2013-11-08,-46.6
LIS,2013-11-09,-38
LIS,2013-11-10,-32.4
LIS,2013-11-11,-30.6
LIS,2013-11-12,-31
LIS,2013-11-13,-37.2
LIS,2013-11-14,-43.5
LIS,2013-11-15,-50
LIS,2013-11-16,-46.4
LIS,2013-11-17,-37.8
LIS,2014-07-25,-103
LIS,2014-07-26,-102
LIS,2014-07-27,-96.1
LIS,2014-07-28,-85.9
LIS,2014-07-29,-70.4
LIS,2014-07-30,-69
LIS,2014-07-31,-75.1
LIS,2014-08-01,-88.8
LIS,2014-08-02,-97
LIS,2014-08-03,-83
LIS,2014-08-04,-74.6
LIS,2014-08-05,-78.9
LIS,2014-08-06,-93.9
LIS,2014-08-07,-102
LIS,2014-08-08,-91.5
LIS,2014-08-09,-82.3
LIS,2014-08-10,-51.1
LIS,2014-08-11,-46.4
LIS,2014-08-12,-60
LIS,2014-08-13,-54.2
LIS,2014-08-14,-58.6
LIS,2014-08-15,-72.7
LIS,2014-08-16,-81.8
LIS,2014-08-17,-88.7
LIS,2014-08-18,-90.2
LIS,2014-08-19,-73.1
LIS,2014-08-20,-51.2
LIS,2014-08-21,-47.4
LIS,2014-08-22,-58.5
LIS,2014-08-23,-46.2
LIS,2014-08-24,-54.5
LIS,2014-08-25,-47.3
LIS,2014-08-26,-31.2
LIS,2014-08-27,-24.6
LIS,2014-08-28,-37.2
LIS,2014-08-29,-44.6
LIS,2014-08-30,-42
LIS,2014-08-31,-42.8
LIS,2014-09-01,-45.4
LIS,2014-09-02,-39.9
LIS,2014-09-03,-30.8
LIS,2014-09-04,-27.1
LIS,2014-09-05,-6.79
LIS,2014-09-06,3.81
LIS,2014-09-07,12.6
LIS,2014-09-08,6.28
LIS,2014-09-09,10.8
LIS,2014-09-10,10.7
LIS,2014-09-11,19.7
LIS,2014-09-12,71.1
LIS,2014-09-13,118
LIS,2014-09-14,122
LIS,2014-09-15,119
LIS,2014-09-16,160
LIS,2014-09-17,210
LIS,2014-09-18,190
LIS,2014-09-19,96.2
LIS,2014-09-20,33.3
LIS,2014-09-21,47
LIS,2014-09-22,44.3
LIS,2014-09-23,9.34
LIS,2014-09-24,-13.2
LIS,2014-09-25,-23.6
LIS,2014-09-26,-25.6
LIS,2014-09-27,-27.6
LIS,2014-09-28,-15.4
LIS,2014-09-29,-16.8
LIS,2014-09-30,-30.7
LIS,2014-10-01,-25.8
LIS,2014-10-02,-32
LIS,2014-10-03,-38.5
LIS,2014-10-04,-44.7
LIS,2014-10-05,-47.3
LIS,2014-10-06,-42.7
LIS,2014-10-07,-50.2
LIS,2014-10-08,-68.2
LIS,2014-10-09,-77.9
LIS,2014-10-10,-82.8
LIS,2014-10-11,-81
LIS,2014-10-12,-72.4
LIS,2014-10-13,-90.7
LIS,2014-10-14,-91.1
LIS,2014-10-15,-54.6
LIS,2014-10-16,-47.4
LIS,2014-10-17,-54.7
LIS,2014-10-18,-56
LIS,2014-10-19,-60.3
LIS,2014-10-20,-57.8
LIS,2014-10-21,-28.4
LIS,2014-10-22,-25.2
LIS,2014-10-23,-48.7
LIS,2014-10-24,-75.3
LIS,2014-10-25,-90.4
LIS,2014-10-26,-58.6
LIS,2014-10-27,-53.4
LIS,2014-10-28,-51.9
LIS,2014-10-29,-39
LIS,2014-10-30,-48.3
LIS,2014-10-31,-54.4
LIS,2014-11-01,-35.4
LIS,2014-11-02,-13.2
LIS,2014-11-03,-22
LIS,2014-11-04,-18.7
LIS,2015-07-06,-60
LIS,2015-07-07,-71.5
LIS,2015-07-08,-95.8
LIS,2015-07-09,-97.1
LIS,2015-07-10,-81.7
LIS,2015-07-11,-86.2
LIS,2015-07-12,-97.5
LIS,2015-07-13,-94
LIS,2015-07-14,-92.8
LIS,2015-07-15,-92.1
LIS,2015-07-16,-88
LIS,2015-07-17,-90.4
LIS,2015-07-18,-79.7
LIS,2015-07-19,-65.9
LIS,2015-07-20,-86.4
LIS,2015-07-21,-105
LIS,2015-07-22,-105
LIS,2015-07-23,-81.7
LIS,2015-07-24,-73.2
LIS,2015-07-25,-89.6
LIS,2015-07-26,-118
LIS,2015-07-27,-124
LIS,2015-07-28,-115
LIS,2015-07-29,-117
LIS,2015-07-30,-120
LIS,2015-07-31,-118
LIS,2015-08-01,-102
LIS,2015-08-02,-81.6
LIS,2015-08-03,-72
LIS,2015-08-04,-67
LIS,2015-08-05,-63.5
LIS,2015-08-06,-75.7
LIS,2015-08-07,-98.9
LIS,2015-08-08,-90.6
LIS,2015-08-09,-86.6
LIS,2015-08-10,-91.2
LIS,2015-08-11,-55.1
LIS,2015-08-12,4.3
LIS,2015-08-13,40.7
LIS,2015-08-14,0.864
LIS,2015-08-15,-40.2
LIS,2015-08-16,-44.3
LIS,2015-08-17,-43.9
LIS,2015-08-18,-45.4
LIS,2015-08-19,-29.7
LIS,2015-08-20,-5.73
LIS,2015-08-21,85.7
LIS,2015-08-22,215
LIS,2015-08-23,302
LIS,2015-08-24,331
LIS,2015-08-25,211
LIS,2015-08-26,80
LIS,2015-08-27,42.1
LIS,2015-08-28,88.7
LIS,2015-08-29,179
LIS,2015-08-30,209
LIS,2015-08-31,200
LIS,2015-09-01,209
LIS,2015-09-02,217
LIS,2015-09-03,204
LIS,2015-09-04,204
LIS,2015-09-05,267
LIS,2015-09-06,330
LIS,2015-09-07,336
LIS,2015-09-08,330
LIS,2015-09-09,338
LIS,2015-09-10,338
LIS,2015-09-11,351
LIS,2015-09-12,374
LIS,2015-09-18,297
LIS,2015-09-19,282
LIS,2015-09-20,254
LIS,2015-09-21,211
LIS,2015-09-22,155
LIS,2015-09-23,131
LIS,2015-09-24,121
LIS,2015-09-25,120
LIS,2015-09-26,85.7
LIS,2015-09-27,57.2
LIS,2015-09-28,42.2
LIS,2015-09-29,24.5
LIS,2015-09-30,17.4
LIS,2015-10-01,5.16
LIS,2015-10-02,-11.5
LIS,2015-10-03,-39.9
LIS,2015-10-04,-34.6
LIS,2015-10-05,-35.6
LIS,2015-10-06,-40.7
LIS,2015-10-07,-41.8
LIS,2015-10-08,-45.9
LIS,2015-10-09,-57.9
LIS,2015-10-10,-76.1
LIS,2015-10-11,-76.5
LIS,2015-10-12,-76.8
LIS,2015-10-13,-83.3
LIS,2015-10-14,-77.6
LIS,2015-10-15,-68.7
LIS,2015-10-16,-72.6
LIS,2015-10-17,-71.3
LIS,2015-10-18,-61.5
LIS,2015-10-19,-58.5
LIS,2015-10-20,-51.6
LIS,2015-10-21,-64.9
LIS,2015-10-22,-73.7
LIS,2015-10-23,-61.6
LIS,2015-10-24,-58
LIS,2015-10-25,-61.9
LIS,2015-10-26,-61.4
LIS,2015-10-27,-73.2
LIS,2015-10-28,-82.1
LIS,2015-10-29,-66.8
LIS,2015-10-30,-63.9
LIS,2015-10-31,-84.8
LIS,2015-11-01,-95.7
LIS,2015-11-02,-100
LIS,2015-11-03,-78.7
LIS,2015-11-04,-63.1
LIS,2015-11-05,-75.5
LIS,2015-11-06,-92.2
LIS,2015-11-07,-101
LIS,2015-11-08,-108
LIS,2015-11-09,-103
LIS,2015-11-10,-76.2
LIS,2015-11-11,-72.4
LIS,2015-11-12,-76.4
LIS,2015-11-13,-64.1
LIS,2015-11-14,-84.2
LIS,2015-11-15,-111
LIS,2015-11-16,-28.2
LIS,2016-05-29,16.3
LIS,2016-05-30,36.2
LIS,2016-05-31,22.2
LIS,2016-06-01,-12.6
LIS,2016-06-02,-33.9
LIS,2016-06-03,-36.4
LIS,2016-06-04,-55.7
LIS,2016-06-05,-60.1
LIS,2016-06-06,-49.4
LIS,2016-06-07,-22.5
LIS,2016-06-08,0.462
LIS,2016-06-09,9.15
LIS,2016-06-10,-8.74
LIS,2016-06-11,-30.3
LIS,2016-06-12,-45.4
LIS,2016-06-13,-32.8
LIS,2016-06-14,-16.7
LIS,2016-06-15,-18
LIS,2016-06-16,-14.9
LIS,2016-06-17,-33.8
LIS,2016-06-18,-32.2
LIS,2016-06-19,-30.2
LIS,2016-06-20,-29.3
LIS,2016-06-21,-15.4
LIS,2016-06-22,13.1
LIS,2016-06-23,29.2
LIS,2016-06-24,22.5
LIS,2016-06-25,7.25
LIS,2016-06-26,4.32
LIS,2016-06-27,-2.79
LIS,2016-06-28,-11.3
LIS,2016-06-29,-27.1
LIS,2016-06-30,-47.8
LIS,2016-07-01,-77.3
LIS,2016-07-02,-81.2
LIS,2016-07-03,-71.6
LIS,2016-07-04,-78.8
LIS,2016-07-05,-85.9
LIS,2016-07-06,-93.2
LIS,2016-07-07,-86.2
LIS,2016-07-08,-65.8
LIS,2016-07-09,-62.9
LIS,2016-07-10,-56
LIS,2016-07-11,-65
LIS,2016-07-12,-72.5
LIS,2016-07-13,-57.1
LIS,2016-07-14,51
LIS,2016-07-15,192
LIS,2016-07-16,242
LIS,2016-07-17,274
LIS,2016-07-18,315
LIS,2016-07-19,329
LIS,2016-07-20,329
LIS,2016-07-21,347
LIS,2016-07-22,367
LIS,2016-07-23,432
LIS,2016-07-24,505
LIS,2016-07-25,538
LIS,2016-07-26,524
LIS,2016-07-27,504
LIS,2016-07-28,465
LIS,2016-07-29,338
LIS,2016-07-30,215
LIS,2016-07-31,180
LIS,2016-08-01,161
LIS,2016-08-02,78
LIS,2016-08-03,-10.3
LIS,2016-08-04,-42.7
LIS,2016-08-05,-36.1
LIS,2016-08-06,-46.3
LIS,2016-08-07,-52.8
LIS,2016-08-08,-61.8
LIS,2016-08-09,-70.4
LIS,2016-08-10,-66.8
LIS,2016-08-11,-39.1
LIS,2016-08-12,-25.9
LIS,2016-08-13,-33.2
LIS,2016-08-14,-41.7
LIS,2016-08-15,-32.4
LIS,2016-08-16,-22.9
LIS,2016-08-17,-24.1
LIS,2016-08-18,-25.8
LIS,2016-08-22,-38.1
LIS,2016-08-23,-36.5
LIS,2016-08-24,-20.6
LIS,2016-08-25,-13.9
LIS,2016-08-26,-7.34
LIS,2016-08-27,13.1
LIS,2016-08-28,12.8
LIS,2016-08-29,4.34
LIS,2016-08-30,-1.26
LIS,2016-08-31,-4.9
LIS,2016-09-01,-6.94
LIS,2016-09-02,-20.7
LIS,2016-09-03,-20.3
LIS,2016-09-04,-3.45
LIS,2016-09-05,-4.48
LIS,2016-09-06,-8
LIS,2016-09-07,-4.06
LIS,2016-09-08,0.766
LIS,2016-09-09,10.7
LIS,2016-09-10,18.2
LIS,2016-09-11,16.1
LIS,2016-09-12,24.2
LIS,2016-09-13,25.1
LIS,2016-09-14,9.7
LIS,2016-09-15,2
LIS,2016-09-16,1.33
LIS,2017-07-14,4.53
LIS,2017-07-15,-29.2
LIS,2017-07-16,-35
LIS,2017-07-17,-39.7
LIS,2017-07-18,-49.1
LIS,2017-07-19,-45.3
LIS,2017-07-20,-41.4
LIS,2017-07-21,-41.7
LIS,2017-07-22,-20.3
LIS,2017-07-23,-20.1
LIS,2017-07-24,-13.7
LIS,2017-07-25,14.9
LIS,2017-07-26,19.8
LIS,2017-07-27,8.33
LIS,2017-07-28,-0.506
LIS,2017-07-29,-18.5
LIS,2017-07-30,-23.6
LIS,2017-07-31,-19.3
LIS,2017-08-01,-12.7
LIS,2017-08-02,-17.8
LIS,2017-08-03,-49.4
LIS,2017-08-04,-55.6
LIS,2017-08-05,-39.7
LIS,2017-08-06,-27.3
LIS,2017-08-07,-18.1
LIS,2017-08-08,-21
LIS,2017-08-09,-9.15
LIS,2017-08-10,1.83
LIS,2017-08-11,-6.42
LIS,2017-08-12,-4.97
LIS,2017-08-13,-1.12
LIS,2017-08-14,-1.38
LIS,2017-08-15,-11.5
LIS,2017-08-16,-40.2
LIS,2017-08-17,-48.8
LIS,2017-08-18,-43.4
LIS,2017-08-19,-42.8
LIS,2017-08-20,-33.7
LIS,2017-08-21,-27.4
LIS,2017-08-22,-9.98
LIS,2017-08-23,-12.1
LIS,2017-08-24,-5.92
LIS,2017-08-25,-11.6
LIS,2017-08-26,-34.7
LIS,2017-08-27,-36.7
LIS,2017-08-28,-29.7
LIS,2017-08-29,-2.31
LIS,2017-08-30,7.64
LIS,2017-08-31,-10.1
LIS,2017-09-01,-19.5
LIS,2017-09-02,-19.9
LIS,2017-09-03,-32.3
LIS,2017-09-04,-36.1
LIS,2017-09-05,-14.3
LIS,2017-09-06,-20.9
LIS,2017-09-07,-19
LIS,2017-09-08,-1.05
LIS,2017-09-09,27.8
LIS,2017-09-10,43.7
LIS,2017-09-11,70.9
LIS,2017-09-12,111
LIS,2017-09-13,108
LIS,2017-09-14,116
LIS,2017-09-15,81.4
LIS,2017-09-16,48.2
LIS,2017-09-17,58
LIS,2017-09-18,4.9
LIS,2017-09-19,-54.6
LIS,2017-09-20,-75.1
LIS,2017-09-21,-67.3
LIS,2017-09-22,-57.5
LIS,2017-09-23,-66.4
LIS,2017-09-24,-75
LIS,2017-09-25,-72.6
LIS,2017-09-26,-70.3
LIS,2017-09-27,-62.3
LIS,2017-09-28,-50.5
LIS,2017-09-29,-50.7
LIS,2017-09-30,-52.1
LIS,2017-10-01,-44.8
LIS,2017-10-02,-59.4
LIS,2017-10-03,-84.3
LIS,2017-10-04,-82.8
LIS,2017-10-05,-78
LIS,2017-10-06,-70.5
LIS,2017-10-07,-61.5
LIS,2017-10-08,-46.2
LIS,2017-10-09,-51.6
LIS,2017-10-10,-71.8
LIS,2017-10-11,-69.2
LIS,2017-10-12,-58.8
LIS,2017-10-13,-58.4
LIS,2017-10-14,-61
LIS,2017-10-15,-63.7
LIS,2017-10-16,-71
LIS,2017-10-17,-70
LIS,2017-10-18,-56.9
LIS,2017-10-19,-47.8
LIS,2017-10-20,-37.1
LIS,2017-10-21,-35.9
LIS,2017-10-22,-36.2
LIS,2017-10-23,-49.4
LIS,2017-10-24,-63.4
LIS,2017-10-25,-72.5
LIS,2017-10-26,-73
LIS,2017-10-27,-63.4
LIS,2017-10-28,-61.4
LIS,2017-10-29,-67.5
LIS,2017-10-30,-62.7
LIS,2017-10-31,-27.8
LIS,2017-11-01,-29.8
LIS,2017-11-02,-29.7
LIS,2017-11-03,-30.1
LIS,2018-07-13,-79.6
LIS,2018-07-14,-88.9
LIS,2018-07-15,-80.1
LIS,2018-07-16,-69.3
LIS,2018-07-17,-76.2
LIS,2018-07-18,-84.8
LIS,2018-07-19,-91.7
LIS,2018-07-20,-102
LIS,2018-07-21,-107
LIS,2018-07-22,-96.8
LIS,2018-07-23,-89.2
LIS,2018-07-24,-103
LIS,2018-07-25,-102
LIS,2018-07-26,-108
LIS,2018-07-27,-107
LIS,2018-07-28,-99.8
LIS,2018-07-29,-98.6
LIS,2018-07-30,-94.7
LIS,2018-07-31,-88.1
LIS,2018-08-01,-79
LIS,2018-08-02,-78.3
LIS,2018-08-03,-78.1
LIS,2018-08-04,-81.2
LIS,2018-08-05,-79.9
LIS,2018-08-06,-77.7
LIS,2018-08-07,-80.6
LIS,2018-08-08,-70.3
LIS,2018-08-09,-73
LIS,2018-08-10,-71.8
LIS,2018-08-11,-75.6
LIS,2018-08-12,-71.3
LIS,2018-08-13,-65.1
LIS,2018-08-14,-64.7
LIS,2018-08-15,-62.4
LIS,2018-08-16,-60
LIS,2018-08-17,-61.6
LIS,2018-08-18,-75.8
LIS,2018-08-19,-89.9
LIS,2018-08-20,-96.4
LIS,2018-08-21,-89.4
LIS,2018-08-22,-73.7
LIS,2018-08-23,-70.2
LIS,2018-08-24,-51.5
LIS,2018-08-25,-45
LIS,2018-08-26,-45.6
LIS,2018-08-27,-1.8
LIS,2018-08-28,153
LIS,2018-08-29,269
LIS,2018-08-30,305
LIS,2018-08-31,320
LIS,2018-09-01,311
LIS,2018-09-02,296
LIS,2018-09-03,282
LIS,2018-09-04,279
LIS,2018-09-05,337
LIS,2018-09-06,424
LIS,2018-09-07,463
LIS,2018-09-08,445
LIS,2018-09-09,408
LIS,2018-09-10,395
LIS,2018-09-11,395
LIS,2018-09-12,408
LIS,2018-09-13,444
LIS,2018-09-14,457
LIS,2018-09-15,487
LIS,2018-09-16,531
LIS,2018-09-17,492
LIS,2018-09-18,440
LIS,2018-09-19,387
LIS,2018-09-20,326
LIS,2018-09-21,282
LIS,2018-09-22,244
LIS,2018-09-23,178
LIS,2018-09-24,109
LIS,2018-09-25,72.5
LIS,2018-09-26,21
LIS,2018-09-27,-38.6
LIS,2018-09-28,-63.1
LIS,2018-09-29,-50.9
LIS,2018-09-30,-47.7
LIS,2018-10-01,-52.8
LIS,2018-10-02,-66.3
LIS,2018-10-03,-74.3
LIS,2018-10-04,-78.9
LIS,2018-10-05,-82.4
LIS,2018-10-06,-84.7
LIS,2018-10-07,-68.3
LIS,2018-10-08,-81.3
LIS,2018-10-09,-98.2
LIS,2018-10-10,-93.4
LIS,2018-10-11,-85
LIS,2018-10-16,-75.6
LIS,2018-10-17,-66.2
LIS,2018-10-18,-67.8
LIS,2018-10-19,-37.9
LIS,2018-10-20,-4.67
LIS,2018-10-21,-9.69
LIS,2018-10-22,-11.7
LIS,2018-10-23,-13.8
LIS,2018-10-24,-11.6
LIS,2018-10-25,-12
LIS,2018-10-26,-9.72
LIS,2018-10-27,-7.83
LIS,2018-10-28,-17.6
LIS,2018-10-29,-42.4
LIS,2018-10-30,-33.4
LIS,2018-10-31,-28.3
LIS,2018-11-01,-16
LIS,2018-11-02,-0.219
LIS,2018-11-03,-11
LIS,2018-11-04,-25
LIS,2018-11-05,-21.8
LIS,2018-11-06,-21.1
LIS,2018-11-07,-24.3
LIS,2018-11-08,-22.4
LIS,2018-11-09,-48.8
LIS,2018-11-10,-70.5
LIS,2018-11-11,-76.3
LIS,2019-07-19,-37.2
LIS,2019-07-20,-33.5
LIS,2019-07-21,-19
LIS,2019-07-22,-6.99
LIS,2019-07-23,-6.18
LIS,2019-07-24,-33.9
LIS,2019-07-25,-62.1
LIS,2019-07-26,-70.7
LIS,2019-07-27,-70.8
LIS,2019-08-01,-53.1
LIS,2019-08-02,-43.5
LIS,2019-08-03,-35.4
LIS,2019-08-04,-34
LIS,2019-08-05,-34.3
LIS,2019-08-06,-36.8
LIS,2019-08-07,-43.5
LIS,2019-08-08,-57.4
LIS,2019-08-09,-54.7
LIS,2019-08-10,-51.9
LIS,2019-08-11,-44.7
LIS,2019-08-12,-29.7
LIS,2019-08-13,-34.7
LIS,2019-08-14,-43.5
LIS,2019-08-15,-49.5
LIS,2019-08-16,-68.7
LIS,2019-08-17,-75.4
LIS,2019-08-18,-46
LIS,2019-08-19,-20.5
LIS,2019-08-20,-11
LIS,2019-08-21,-9.89
LIS,2019-08-22,-28.6
LIS,2019-08-23,-22.8
LIS,2019-08-24,-5.84
LIS,2019-08-25,-3.79
LIS,2019-08-26,-2.09
LIS,2019-08-27,127
LIS,2019-08-28,328
LIS,2019-08-29,498
LIS,2019-08-30,573
LIS,2019-08-31,579
LIS,2019-09-01,599
LIS,2019-09-02,605
LIS,2019-09-03,581
LIS,2019-09-04,598
LIS,2019-09-05,661
LIS,2019-09-06,697
LIS,2019-09-07,664
LIS,2019-09-08,655
LIS,2019-09-09,668
LIS,2019-09-10,663
LIS,2019-09-11,663
LIS,2019-09-12,674
LIS,2019-09-13,656
LIS,2019-09-14,648
LIS,2019-09-15,654
LIS,2019-09-16,647
LIS,2019-09-17,624
LIS,2019-09-18,635
LIS,2019-09-19,562
LIS,2019-09-20,400
LIS,2019-09-21,187
LIS,2019-09-22,75.6
LIS,2019-09-23,37.9
LIS,2019-09-24,-7.37
LIS,2019-09-25,-10.9
LIS,2019-09-26,7.34
LIS,2019-09-27,39.6
LIS,2019-09-28,61.9
LIS,2019-09-29,64.5
LIS,2019-09-30,42.8
LIS,2019-10-01,18.6
LIS,2019-10-02,-19.6
LIS,2019-10-03,-37.5
LIS,2019-10-04,-38.6
LIS,2019-10-05,-37.6
LIS,2019-10-06,-25.8
LIS,2019-10-07,-25.4
LIS,2019-10-08,-32.9
LIS,2019-10-09,-18.7
LIS,2019-10-10,0.381
LIS,2019-10-11,-13.7
LIS,2019-10-12,-48.3
LIS,2019-10-13,-71.7
LIS,2019-10-14,-76.1
LIS,2019-10-15,-78
LIS,2019-10-16,-88.7
LIS,2019-10-17,-92.2
LIS,2019-10-18,-68.8
LIS,2019-10-19,-47.9
LIS,2019-10-20,-38.9
LIS,2019-10-21,-39.4
LIS,2019-10-22,-50.1
LIS,2019-10-23,-52.2
LIS,2019-10-24,-57.2
LIS,2019-10-25,-68.2
LIS,2019-10-26,-60.9
LIS,2019-10-27,-30.4
LIS,2019-10-28,-56.5
LIS,2019-10-29,-38.3
LIS,2019-10-30,-26.2
LIS,2019-10-31,-38.6
LIS,2019-11-01,-51.4
LIS,2019-11-02,-59.6
LIS,2019-11-03,-66.5
LIS,2019-11-04,-62.9
LIS,2019-11-05,-57.1
LIS,2019-11-06,-59.8
RCS,2013-07-07,143.66666666666666
RCS,2013-07-08,149.92708333333334
RCS,2013-07-09,168.34375
RCS,2013-07-10,141.0215053763441
RCS,2013-07-11,171.83333333333334
RCS,2013-07-12,131.79166666666666
RCS,2013-07-13,154.65625
RCS,2013-07-14,118.5
RCS,2013-07-15,128.90625
RCS,2013-07-16,149.40625
RCS,2013-07-17,160.90625
RCS,2013-07-18,167.10416666666666
RCS,2013-07-19,166.375
RCS,2013-07-20,154.44791666666666
RCS,2013-07-21,118.11458333333333
RCS,2013-07-22,130.1
RCS,2013-08-08,128.0344827586207
RCS,2013-08-09,168.13541666666666
RCS,2013-08-10,127.875
RCS,2013-08-11,143.85416666666666
RCS,2013-08-12,134.16666666666666
RCS,2013-08-13,103.83333333333333
RCS,2013-08-14,157.15625
RCS,2013-08-15,141.64583333333334
RCS,2013-08-16,152.53125
RCS,2013-08-17,146.13541666666666
RCS,2013-08-18,135.125
RCS,2013-08-19,112.30208333333333
RCS,2013-08-20,137.77083333333334
RCS,2013-08-21,198.11458333333334
RCS,2013-08-22,174
RCS,2013-08-23,163.17708333333334
RCS,2013-08-24,152.30208333333334
RCS,2013-08-25,136.8125
RCS,2013-08-26,111.04166666666667
RCS,2013-08-27,137.28958333333333
RCS,2013-08-28,101.5
RCS,2013-08-29,142.71875
RCS,2013-08-30,103.66666666666667
RCS,2013-08-31,137.98958333333334
RCS,2013-09-01,109.72916666666667
RCS,2013-09-02,108.83333333333333
RCS,2013-09-03,138.66315789473686
RCS,2013-09-04,161.875
RCS,2013-09-05,146.39583333333334
RCS,2013-09-06,123.71875
RCS,2013-09-07,98.01041666666667
RCS,2013-09-08,102.61458333333333
RCS,2013-09-09,110.32291666666667
RCS,2013-09-10,138.10416666666666
RCS,2013-09-11,121.04166666666667
RCS,2013-09-12,102.38125
RCS,2013-09-13,109.67708333333333
RCS,2013-09-14,112.08333333333333
RCS,2013-09-15,94.4375
RCS,2013-09-16,111.44791666666667
RCS,2013-09-17,96.34375
RCS,2013-09-18,83.64583333333333
RCS,2013-09-19,72.57291666666667
RCS,2013-09-20,73.53125
RCS,2013-09-21,98.628125
RCS,2013-09-22,72.79166666666667
RCS,2013-09-23,157.36458333333334
RCS,2013-09-24,298.5416666666667
RCS,2013-09-25,278.875
RCS,2013-09-26,227.58333333333334
RCS,2013-09-27,189.53125
RCS,2013-09-28,157.94117647058823
RCS,2013-10-26,146.0215053763441
RCS,2013-10-27,104.38541666666667
RCS,2013-10-28,69.64583333333333
RCS,2013-10-29,44.114583333333336
RCS,2013-10-30,23.851041666666667
RCS,2013-10-31,13.676041666666666
RCS,2013-11-01,35.240625
RCS,2013-11-02,29.210416666666667
RCS,2013-11-03,24.140625
RCS,2013-11-04,38.077083333333334
RCS,2013-11-05,87.93617021276596
RCS,2013-11-06,45.364583333333336
RCS,2013-11-07,59.208333333333336
RCS,2013-11-08,81.66354166666666
RCS,2013-11-09,31.7875
RCS,2013-11-10,57.54895833333333
RCS,2013-11-11,32.40625
RCS,2013-11-12,45.14895833333333
RCS,2013-11-13,53.416666666666664
RCS,2013-11-14,53.145833333333336
RCS,2013-11-15,58.032291666666666
RCS,2013-11-16,66.77083333333333
RCS,2013-11-17,34.572916666666664
RCS,2014-07-25,67.76041666666667
RCS,2014-07-26,86.22916666666667
RCS,2014-07-27,92.25
RCS,2014-07-28,85.84375
RCS,2014-07-29,40.239583333333336
RCS,2014-07-30,61.11684210526316
RCS,2014-07-31,40.27362637362637
RCS,2014-08-01,45.89784946236559
RCS,2014-08-02,54.225
RCS,2014-08-03,73.98958333333333
RCS,2014-08-04,48.8125
RCS,2014-08-05,50.020833333333336
RCS,2014-08-06,50.434375
RCS,2014-08-07,65.14736842105263
RCS,2014-08-08,68.1875
RCS,2014-08-09,63.427083333333336
RCS,2014-08-10,54.47604166666667
RCS,2014-08-11,58.58645833333333
RCS,2014-08-12,43.603125
RCS,2014-08-13,52.99791666666667
RCS,2014-08-14,64.79166666666667
RCS,2014-08-15,66.53125
RCS,2014-08-16,46.184375
RCS,2014-08-17,64.64583333333333
RCS,2014-08-18,69.91666666666667
RCS,2014-08-19,111.1875
RCS,2014-08-20,85.86458333333333
RCS,2014-08-21,90.55208333333333
RCS,2014-08-22,36.8125
RCS,2014-08-23,43.94583333333333
RCS,2014-08-24,47.010416666666664
RCS,2014-08-25,54.416666666666664
RCS,2014-08-26,65.95833333333333
RCS,2014-08-27,42.85208333333333
RCS,2014-08-28,56.9375
RCS,2014-08-29,64.11458333333333
RCS,2014-08-30,77.39583333333333
RCS,2014-08-31,78.22916666666667
RCS,2014-09-01,74.26041666666667
RCS,2014-09-02,80.25
RCS,2014-09-03,113.35416666666667
RCS,2014-09-04,114.15625
RCS,2014-09-05,104.3125
RCS,2014-09-06,93.41666666666667
RCS,2014-09-07,101.13541666666667
RCS,2014-09-08,89.91666666666667
RCS,2014-09-09,108.44791666666667
RCS,2014-09-10,109.83333333333333
RCS,2014-09-11,103.16666666666667
RCS,2014-09-12,146.09375
RCS,2014-09-13,123.04166666666667
RCS,2014-09-14,127.21875
RCS,2014-09-15,110.82291666666667
RCS,2014-09-16,131.82291666666666
RCS,2014-09-17,111.51041666666667
RCS,2014-09-18,121.66666666666667
RCS,2014-09-19,132.20833333333334
RCS,2014-09-20,126.21875
RCS,2014-09-21,112.42708333333333
RCS,2014-09-22,119.25
RCS,2014-09-23,112.58333333333333
RCS,2014-09-24,95.40625
RCS,2014-09-25,124.32291666666667
RCS,2014-09-26,81.79166666666667
RCS,2014-09-27,69.41666666666667
RCS,2014-09-28,78.92708333333333
RCS,2014-09-29,84.76041666666667
RCS,2014-09-30,76.41666666666667
RCS,2014-10-01,69.10416666666667
RCS,2014-10-02,72.41666666666667
RCS,2014-10-03,69.30208333333333
RCS,2014-10-04,68.28125
RCS,2014-10-05,78.25
RCS,2014-10-06,80.08333333333333
RCS,2014-10-07,63.770833333333336
RCS,2014-10-08,59.947916666666664
RCS,2014-10-09,79.52083333333333
RCS,2014-10-10,67.70833333333333
RCS,2014-10-11,60.25
RCS,2014-10-12,64.85416666666667
RCS,2014-10-13,75.96875
RCS,2014-10-14,55.791666666666664
RCS,2014-10-15,51.895833333333336
RCS,2014-10-16,54.697916666666664
RCS,2014-10-17,47.135416666666664
RCS,2014-10-18,30.290625
RCS,2014-10-19,35.424358974358974
RCS,2014-10-26,101.88135593220339
RCS,2014-10-27,115.73958333333333
RCS,2014-10-28,96.55208333333333
RCS,2014-10-29,81.35416666666667
RCS,2014-10-30,67.0625
RCS,2014-10-31,46.771875
RCS,2014-11-01,53.28333333333333
RCS,2014-11-02,62.822916666666664
RCS,2014-11-03,44.407291666666666
RCS,2014-11-04,73.21875
RCS,2014-11-05,74.509375
RCS,2014-11-06,53.697916666666664
RCS,2014-11-07,36.395833333333336
RCS,2014-11-08,55.302083333333336
RCS,2015-08-07,263.859375
RCS,2015-08-08,217.14583333333334
RCS,2015-08-09,175.52083333333334
RCS,2015-08-10,161.71875
RCS,2015-08-11,174.96875
RCS,2015-08-12,75.265625
RCS,2015-08-13,202.77083333333334
RCS,2015-08-14,157.67708333333334
RCS,2015-08-15,130.84375
RCS,2015-08-16,133.15625
RCS,2015-08-17,142.84375
RCS,2015-08-18,136.25
RCS,2015-08-19,121.30208333333333
RCS,2015-08-20,242.375
RCS,2015-08-21,459.7083333333333
RCS,2015-08-22,560.3333333333334
RCS,2015-08-23,616.0833333333334
RCS,2015-08-24,120.946875
RCS,2015-08-25,225.83333333333334
RCS,2015-08-26,234.47916666666666
RCS,2015-08-27,244.46875
RCS,2015-08-28,315.53125
RCS,2015-08-29,352.7708333333333
RCS,2015-08-30,338.4270833333333
RCS,2015-08-31,384.2708333333333
RCS,2015-09-01,390.4791666666667
RCS,2015-09-02,387.6666666666667
RCS,2015-09-03,391.85263157894735
RCS,2015-09-04,419.2291666666667
RCS,2015-09-05,431.9166666666667
RCS,2015-09-06,437.7395833333333
RCS,2015-09-07,432.09375
RCS,2015-09-08,429.3541666666667
RCS,2015-09-09,445.7291666666667
RCS,2015-09-10,451.8541666666667
RCS,2015-09-11,444.34375
RCS,2015-09-12,441.5729166666667
RCS,2015-09-13,436.7395833333333
RCS,2015-09-14,434.1875
RCS,2015-09-15,418.8125
RCS,2015-09-16,395.0833333333333
RCS,2015-09-17,370.9375
RCS,2015-09-18,341.9479166666667
RCS,2015-09-19,317.9895833333333
RCS,2015-09-20,293.8229166666667
RCS,2015-09-21,259.7291666666667
RCS,2015-09-22,200.55208333333334
RCS,2015-09-23,188.59375
RCS,2015-09-24,175.29166666666666
RCS,2015-09-25,148.10416666666666
RCS,2015-09-26,122.08333333333333
RCS,2015-09-27,109.83333333333333
RCS,2015-09-28,99.39285714285714
RCS,2015-11-11,47.869565217391305
RCS,2015-11-12,32.572916666666664
RCS,2015-11-13,-0.9042105263157895
RCS,2015-11-14,-6.759340659340659
RCS,2015-11-15,23.728125
RCS,2015-11-16,31.661458333333332
RCS,2016-05-29,103.83333333333333
RCS,2016-05-30,83.94565217391305
RCS,2016-05-31,52.64383561643836
RCS,2016-06-01,46.43921568627451
RCS,2016-06-03,109.14893617021276
RCS,2016-06-04,146.23958333333334
RCS,2016-06-05,204.94791666666666
RCS,2016-06-06,143.75
RCS,2016-06-07,163.85416666666666
RCS,2016-06-08,120.67708333333333
RCS,2016-06-09,147.90625
RCS,2016-06-10,139.90625
RCS,2016-06-11,149.34375
RCS,2016-06-12,124.02083333333333
RCS,2016-06-13,98.83333333333333
RCS,2016-06-14,75.52941176470588
RCS,2016-06-15,44.45
RCS,2016-06-19,226.59493670886076
RCS,2016-06-20,137.69791666666666
RCS,2016-06-21,115.33333333333333
RCS,2016-06-22,143.55208333333334
RCS,2016-06-23,126.23958333333333
RCS,2016-06-24,129.88541666666666
RCS,2016-06-25,133.78125
RCS,2016-06-26,99.58333333333333
RCS,2016-06-27,67.0047619047619
RCS,2016-06-28,32.529411764705884
RCS,2016-07-12,182
RCS,2016-07-13,266.6041666666667
RCS,2016-07-14,378.7395833333333
RCS,2016-07-15,438.5520833333333
RCS,2016-07-16,471.8333333333333
RCS,2016-07-17,472.5104166666667
RCS,2016-07-18,482.15625
RCS,2016-07-19,506.4895833333333
RCS,2016-07-20,504.8645833333333
RCS,2016-07-21,476.8229166666667
RCS,2016-07-22,505.7708333333333
RCS,2016-07-23,478.4479166666667
RCS,2016-07-24,507.0833333333333
RCS,2016-07-25,489.6979166666667
RCS,2016-07-26,467.5
RCS,2016-07-27,455.2708333333333
RCS,2016-07-28,396.96875
RCS,2016-07-29,189.59583333333333
RCS,2016-07-30,149.92708333333334
RCS,2016-07-31,141.79166666666666
RCS,2016-08-01,174.75
RCS,2016-08-02,99.92708333333333
RCS,2016-08-03,76.28125
RCS,2016-08-04,109.28125
RCS,2016-08-05,102.38541666666667
RCS,2016-08-06,92.71875
RCS,2016-08-07,87.21875
RCS,2016-08-08,123.26041666666667
RCS,2016-08-09,104.79166666666667
RCS,2016-08-10,87.92708333333333
RCS,2016-08-11,114.61458333333333
RCS,2016-08-12,91.52083333333333
RCS,2016-08-13,86.63541666666667
RCS,2016-08-14,114.05208333333333
RCS,2016-08-15,80.4375
RCS,2016-08-16,42.682291666666664
RCS,2016-08-17,40.64479166666667
RCS,2016-08-18,78.36145833333333
RCS,2016-08-19,99.39583333333333
RCS,2016-08-20,91.02083333333333
RCS,2016-08-21,86.82291666666667
RCS,2016-08-22,81.52083333333333
RCS,2016-08-23,88.71875
RCS,2016-08-24,79.61458333333333
RCS,2016-08-25,56.958333333333336
RCS,2016-08-26,89.26041666666667
RCS,2016-08-27,93.96875
RCS,2016-08-28,65.98958333333333
RCS,2016-08-29,31.227083333333333
RCS,2016-08-30,77.69791666666667
RCS,2016-08-31,108.10416666666667
RCS,2016-09-01,78.89583333333333
RCS,2016-09-02,111.42708333333333
RCS,2016-09-03,79.91666666666667
RCS,2016-09-04,74.80208333333333
RCS,2016-09-05,81.92708333333333
RCS,2016-09-06,78.26041666666667
RCS,2016-09-07,84.08333333333333
RCS,2016-09-08,98.75
RCS,2016-09-09,81.51041666666667
RCS,2016-09-10,67.72916666666667
RCS,2016-09-11,101.26041666666667
RCS,2016-09-12,94.86458333333333
RCS,2016-09-13,100.77083333333333
RCS,2016-09-14,66.48958333333333
RCS,2016-09-15,4.29375
RCS,2016-09-16,43.135416666666664
RCS,2017-07-14,13.334375
RCS,2017-07-15,47.030208333333334
RCS,2017-07-16,40.62291666666667
RCS,2017-07-17,27.970833333333335
RCS,2017-07-18,15.582291666666666
RCS,2017-07-19,28.147916666666667
RCS,2017-07-20,20.823404255319147
RCS,2017-07-21,34.73020833333333
RCS,2017-07-22,9.192708333333334
RCS,2017-07-23,28.636458333333334
RCS,2017-07-24,24.372527472527473
RCS,2017-07-25,29.201041666666665
RCS,2017-07-26,20.579166666666666
RCS,2017-07-27,34.05833333333333
RCS,2017-07-28,16.064285714285713
RCS,2017-07-29,36.98229166666667
RCS,2017-07-30,25.779166666666665
RCS,2017-07-31,52.78125
RCS,2017-08-01,32.996875
RCS,2017-08-02,38.73854166666667
RCS,2017-08-03,24.111458333333335
RCS,2017-08-04,14.254166666666666
RCS,2017-08-05,41.153125
RCS,2017-08-06,29.795833333333334
RCS,2017-08-07,40.840625
RCS,2017-08-08,40.35520833333333
RCS,2017-08-09,34.20729166666667
RCS,2017-08-10,29.840625
RCS,2017-08-11,53.625
RCS,2017-08-12,24.827083333333334
RCS,2017-08-13,12.948958333333334
RCS,2017-08-14,41.39270833333333
RCS,2017-08-15,31.084375
RCS,2017-08-16,12.806315789473684
RCS,2017-08-17,41.08958333333333
RCS,2017-08-18,29.363541666666666
RCS,2017-08-19,33.340625
RCS,2017-08-20,13.475531914893617
RCS,2017-08-21,32.77291666666667
RCS,2017-08-22,60.9875
RCS,2017-08-23,30.920212765957448
RCS,2017-08-24,53.670833333333334
RCS,2017-08-25,71.60416666666667
RCS,2017-08-26,41.803125
RCS,2017-08-27,32.032291666666666
RCS,2017-08-28,60.416666666666664
RCS,2017-08-29,68.27083333333333
RCS,2017-08-30,81.59375
RCS,2017-08-31,62.645833333333336
RCS,2017-09-01,57.0625
RCS,2017-09-02,41.11875
RCS,2017-09-03,41.864583333333336
RCS,2017-09-04,39.84583333333333
RCS,2017-09-05,40.746875
RCS,2017-09-06,60.96875
RCS,2017-09-07,36.01979166666667
RCS,2017-09-08,41.333333333333336
RCS,2017-09-09,66.13541666666667
RCS,2017-09-10,40.036458333333336
RCS,2017-09-11,12.197916666666666
RCS,2017-09-12,38.959375
RCS,2017-09-13,28.688541666666666
RCS,2017-09-14,23.521875
RCS,2017-09-15,25.927083333333332
RCS,2017-09-16,18.83125
RCS,2017-09-17,30.342708333333334
RCS,2017-09-18,23.11875
RCS,2017-09-19,21.077083333333334
RCS,2017-09-20,17.795833333333334
RCS,2017-09-21,23.936458333333334
RCS,2017-09-22,15.135416666666666
RCS,2017-09-23,11.673958333333333
RCS,2017-09-24,10.923958333333333
RCS,2017-09-25,17.786458333333332
RCS,2017-09-26,10.163541666666667
RCS,2017-09-27,12.48021978021978
RCS,2017-09-28,17.06736842105263
RCS,2017-09-29,18.860416666666666
RCS,2017-09-30,23.124468085106383
RCS,2017-10-01,21.708333333333332
RCS,2017-10-02,11.621875
RCS,2017-10-03,21.672916666666666
RCS,2017-10-04,5.328235294117647
RCS,2017-10-05,10.707291666666666
RCS,2017-10-06,2.8531645569620254
RCS,2017-10-07,6.491578947368421
RCS,2017-10-08,19.820833333333333
RCS,2017-10-09,8.9375
RCS,2017-10-10,0.45730337078651684
RCS,2017-10-11,4.023529411764706
RCS,2017-10-12,4.0875
RCS,2017-10-13,0
RCS,2017-10-24,40.166666666666664
RCS,2017-10-25,46.542857142857144
RCS,2017-10-26,24.657777777777778
RCS,2017-10-27,13.234177215189874
RCS,2017-10-28,23.19705882352941
RCS,2017-10-29,51
RCS,2017-10-30,73.95833333333333
RCS,2017-10-31,65.73958333333333
RCS,2017-11-01,63.489583333333336
RCS,2017-11-02,44.333333333333336
RCS,2017-11-03,44.510416666666664
RCS,2018-07-13,80.42708333333333
RCS,2018-07-14,108.02083333333333
RCS,2018-07-15,106.125
RCS,2018-07-16,106.33333333333333
RCS,2018-07-17,73.14583333333333
RCS,2018-07-18,78.77083333333333
RCS,2018-07-19,146.40625
RCS,2018-07-20,127.70833333333333
RCS,2018-07-21,107.60416666666667
RCS,2018-07-22,110.375
RCS,2018-07-23,132.80208333333334
RCS,2018-07-24,95.71875
RCS,2018-07-25,85.41666666666667
RCS,2018-07-26,86.35416666666667
RCS,2018-07-27,80.55208333333333
RCS,2018-07-28,97.82291666666667
RCS,2018-07-29,94.70833333333333
RCS,2018-07-30,96.16842105263157
RCS,2018-07-31,102.09375
RCS,2018-08-01,89.03125
RCS,2018-08-02,97.13541666666667
RCS,2018-08-03,129.60416666666666
RCS,2018-08-04,110.88541666666667
RCS,2018-08-05,104.41666666666667
RCS,2018-08-06,97.0875
RCS,2018-08-07,134.67708333333334
RCS,2018-08-08,132.21875
RCS,2018-08-09,102.54166666666667
RCS,2018-08-10,88.01041666666667
RCS,2018-08-11,85.41666666666667
RCS,2018-08-12,80.44791666666667
RCS,2018-08-13,88.82291666666667
RCS,2018-08-14,84.51041666666667
RCS,2018-08-15,82.17708333333333
RCS,2018-08-16,82.69791666666667
RCS,2018-08-17,77.94791666666667
RCS,2018-08-18,86.91666666666667
RCS,2018-08-19,84.89583333333333
RCS,2018-08-20,72.26041666666667
RCS,2018-08-21,79.35416666666667
RCS,2018-08-22,84.98958333333333
RCS,2018-08-23,78.78125
RCS,2018-08-24,95.41666666666667
RCS,2018-08-25,108.19791666666667
RCS,2018-08-26,97.65625
RCS,2018-08-27,331.875
RCS,2018-08-28,488.9479166666667
RCS,2018-08-29,493.1041666666667
RCS,2018-08-30,505.4791666666667
RCS,2018-08-31,508.4583333333333
RCS,2018-09-01,490.9479166666667
RCS,2018-09-02,466.28125
RCS,2018-09-03,427.25
RCS,2018-09-04,544.96875
RCS,2018-09-05,576.2083333333334
RCS,2018-09-06,579.7291666666666
RCS,2018-09-07,578.53125
RCS,2018-09-08,557.59375
RCS,2018-09-09,518.03125
RCS,2018-09-10,510.4375
RCS,2018-09-11,518.1354166666666
RCS,2018-09-12,524.15625
RCS,2018-09-13,500.40625
RCS,2018-09-14,499.9375
RCS,2018-09-15,498.1145833333333
RCS,2018-09-16,503.2291666666667
RCS,2018-09-17,491.7291666666667
RCS,2018-09-18,464.625
RCS,2018-09-19,418.1979166666667
RCS,2018-09-20,381.28125
RCS,2018-09-21,328.7083333333333
RCS,2018-09-22,283.3020833333333
RCS,2018-09-23,225.32291666666666
RCS,2018-09-24,179.875
RCS,2018-09-25,98.44791666666667
RCS,2018-09-26,44.66315789473684
RCS,2018-09-27,39.67553191489362
RCS,2018-09-28,35.20104166666667
RCS,2018-09-29,41.505208333333336
RCS,2018-09-30,7.859375
RCS,2018-10-01,49.135416666666664
RCS,2018-10-02,21.344791666666666
RCS,2018-10-03,20.815625
RCS,2018-10-04,5.838541666666667
RCS,2018-10-05,21.045744680851065
RCS,2018-10-06,11.964583333333334
RCS,2018-10-07,13.114583333333334
RCS,2018-10-08,4.6875
RCS,2018-10-09,6.133333333333334
RCS,2018-10-10,0.8375
RCS,2018-10-11,1.5369565217391303
RCS,2018-10-12,5.522916666666666
RCS,2018-10-13,8.528125
RCS,2018-10-14,25.322916666666668
RCS,2018-10-15,10.509473684210526
RCS,2018-10-16,2.6021978021978023
RCS,2018-10-17,5.144262295081967
RCS,2018-10-18,5.695744680851064
RCS,2018-10-19,4.935416666666667
RCS,2018-10-20,2.9791666666666665
RCS,2018-10-21,4.201063829787234
RCS,2018-10-22,10.690625
RCS,2018-10-23,17.66875
RCS,2018-10-24,6.358333333333333
RCS,2018-10-25,2.610752688172043
RCS,2018-10-26,4.905208333333333
RCS,2018-10-27,14.867368421052632
RCS,2018-10-28,51.614583333333336
RCS,2018-10-29,83.64583333333333
RCS,2018-10-30,24.491666666666667
RCS,2018-10-31,7.382291666666666
RCS,2018-11-01,28.397894736842105
RCS,2018-11-02,19.529473684210526
RCS,2018-11-03,7.884375
RCS,2018-11-04,17.88125
RCS,2018-11-05,23.26875
RCS,2018-11-06,6.509375
RCS,2018-11-07,31.727083333333333
RCS,2018-11-08,14.205208333333333
RCS,2018-11-09,9.538297872340426
RCS,2018-11-10,11.527083333333334
RCS,2018-11-11,16.463541666666668
RCS,2019-07-11,24.755208333333332
RCS,2019-07-12,33.65833333333333
RCS,2019-07-13,-0.4263157894736842
RCS,2019-07-14,16.232291666666665
RCS,2019-07-15,30.978125
RCS,2019-07-16,19.13225806451613
RCS,2019-07-17,36.60212765957447
RCS,2019-07-18,29.620833333333334
RCS,2019-07-19,26.30842105263158
RCS,2019-07-20,33.77291666666667
RCS,2019-07-21,14.705208333333333
RCS,2019-07-22,5.696875
RCS,2019-07-23,20.137234042553192
RCS,2019-07-24,32.25052631578947
RCS,2019-07-25,11.541666666666666
RCS,2019-07-26,37.253125
RCS,2019-07-27,21.210416666666667
RCS,2019-07-28,19.8
RCS,2019-07-29,2.825
RCS,2019-07-30,15.597916666666666
RCS,2019-07-31,10.394791666666666
RCS,2019-08-01,37.69583333333333
RCS,2019-08-02,24.620833333333334
RCS,2019-08-03,18.157291666666666
RCS,2019-08-04,19.54375
RCS,2019-08-05,57.46666666666667
RCS,2019-08-06,36.608333333333334
RCS,2019-08-07,42.989583333333336
RCS,2019-08-08,50.447916666666664
RCS,2019-08-09,26.391666666666666
RCS,2019-08-10,38.139583333333334
RCS,2019-08-11,45.020833333333336
RCS,2019-08-12,24.778125
RCS,2019-08-13,16.6
RCS,2019-08-14,28.1375
RCS,2019-08-15,26.66875
RCS,2019-08-16,16.722916666666666
RCS,2019-08-17,14.980208333333334
RCS,2019-08-18,50.278125
RCS,2019-08-19,21.561458333333334
RCS,2019-08-20,47.38854166666667
RCS,2019-08-21,0.47291666666666665
RCS,2019-08-22,38.071875
RCS,2019-08-23,48.54270833333333
RCS,2019-08-24,42.291666666666664
RCS,2019-08-25,35.40625
RCS,2019-08-26,235.5
RCS,2019-08-27,466.90625
RCS,2019-08-28,587.1354166666666
RCS,2019-08-29,670.8958333333334
RCS,2019-08-30,646.3020833333334
RCS,2019-08-31,649.9375
RCS,2019-09-01,647.9375
RCS,2019-09-02,651.5833333333334
RCS,2019-09-03,710.0208333333334
RCS,2019-09-04,722.9583333333334
RCS,2019-09-05,752.7604166666666
RCS,2019-09-06,739.2395833333334
RCS,2019-09-07,721.1354166666666
RCS,2019-09-08,678.71875
RCS,2019-09-09,664.6666666666666
RCS,2019-09-10,636.2916666666666
RCS,2019-09-11,646.28125
RCS,2019-09-12,647.8404255319149
RCS,2019-09-13,629.4479166666666
RCS,2019-09-14,627.7395833333334
RCS,2019-09-15,608.46875
RCS,2019-09-16,597.0208333333334
RCS,2019-09-17,614.9270833333334
RCS,2019-09-18,604.1979166666666
RCS,2019-09-19,473.03125
RCS,2019-09-20,213.70833333333334
RCS,2019-09-21,59.4375
RCS,2019-09-22,51.145833333333336
RCS,2019-09-23,19.76875
RCS,2019-09-24,55.853125
RCS,2019-09-25,43.26354166666667
RCS,2019-09-26,54.85263157894737
RCS,2019-09-27,63.09375
RCS,2019-09-28,44.46041666666667
RCS,2019-09-29,19.104166666666668
RCS,2019-09-30,50.07604166666667
RCS,2019-10-01,9.852083333333333
RCS,2019-10-02,43.291666666666664
RCS,2019-10-03,36.33645833333333
RCS,2019-10-04,39.01354166666667
RCS,2019-10-05,31.8
RCS,2019-10-06,26.720833333333335
RCS,2019-10-07,28.620833333333334
RCS,2019-10-08,16.670967741935485
RCS,2019-10-09,52.74583333333333
RCS,2019-10-10,45.171875
RCS,2019-10-11,6.032291666666667
RCS,2019-10-12,-14.025
RCS,2019-10-13,-11.184375
RCS,2019-10-14,-10.527083333333334
RCS,2019-10-15,-10.235416666666667
RCS,2019-10-16,-14.748958333333333
RCS,2019-10-17,-4.152083333333334
RCS,2019-10-18,-4.324719101123596
RCS,2019-10-19,7.014736842105263
RCS,2019-10-20,22.23263157894737
RCS,2019-10-21,25.810526315789474
RCS,2019-10-22,8.228
RCS,2019-10-23,7.801052631578948
RCS,2019-10-24,18.946875
RCS,2019-10-25,12.082432432432432
RCS,2019-10-26,28.41219512195122
RCS,2019-10-27,23.194791666666667
RCS,2019-10-28,90.05208333333333
RCS,2019-10-29,48.427083333333336
RCS,2019-10-30,15.940625
RCS,2019-10-31,25.259375
RCS,2019-11-01,19.94891304347826
RCS,2019-11-02,25.79021739130435
RCS,2019-11-03,24.83606557377049
RCS,2019-11-04,19.433695652173913
RCS,2019-11-05,39.297916666666666
RCS,2019-11-06,29.829166666666666
RD22,2014-09-30,45.4
RD22,2014-10-01,44.965625
RD22,2014-10-02,47.348958333333336
RD22,2014-10-03,49.43958333333333
RD22,2014-10-04,49.71666666666667
RD22,2014-10-05,51.58541666666667
RD22,2014-10-06,52.47083333333333
RD22,2014-10-07,53.516666666666666
RD22,2014-10-08,53.807291666666664
RD22,2014-10-09,53.93020833333333
RD22,2014-10-10,54.46041666666667
RD22,2014-10-11,53.651041666666664
RD22,2014-10-12,49.911458333333336
RD22,2014-10-13,51.440625
RD22,2014-10-14,53.74791666666667
RD22,2014-10-15,55.54375
RD22,2014-10-16,57.87291666666667
RD22,2014-10-17,59.75729166666667
RD22,2014-10-18,55.12083333333334
RD22,2014-10-19,53.139583333333334
RD22,2014-10-20,55.084375
RD22,2014-10-21,63.39375
RD22,2014-10-22,62.14791666666667
RD22,2014-10-23,55.89270833333333
RD22,2014-10-24,53.420833333333334
RD22,2014-10-25,51.82083333333333
RD22,2014-10-26,50.490625
RD22,2014-10-27,52.75
RD22,2014-10-28,55.723958333333336
RD22,2014-10-29,56.75416666666667
RD22,2014-10-30,58.083333333333336
RD22,2014-10-31,57.834375
RD22,2014-11-01,58.571875
RD22,2014-11-02,55.244791666666664
RD22,2014-11-03,54.99583333333333
RD22,2014-11-04,55.55104166666667
RD22,2014-11-05,56.33229166666666
RD22,2014-11-06,53.68125
RD22,2014-11-07,52.07083333333333
RD22,2014-11-08,49.260416666666664
RD22,2015-07-06,24.977083333333333
RD22,2015-07-07,23.051041666666666
RD22,2015-07-08,23.567708333333332
RD22,2015-07-09,22.325
RD22,2015-07-10,18.753125
RD22,2015-07-11,22.015625
RD22,2015-07-12,22.095833333333335
RD22,2015-07-13,25.182291666666668
RD22,2015-07-14,21.469791666666666
RD22,2015-07-15,16.594791666666666
RD22,2015-07-16,15.06875
RD22,2015-07-17,16.54479166666667
RD22,2015-07-18,16.73125
RD22,2015-07-19,15.572916666666666
RD22,2015-07-20,15.1375
RD22,2015-07-21,15.041666666666666
RD22,2015-07-22,14.296875
RD22,2015-07-23,13.622916666666667
RD22,2015-07-24,13.534375
RD22,2015-07-25,12.889583333333334
RD22,2015-07-26,11.954166666666667
RD22,2015-07-27,11.5875
RD22,2015-07-28,11.416666666666666
RD22,2015-07-29,10.804166666666665
RD22,2015-07-30,11.5125
RD22,2015-07-31,12.016666666666667
RD22,2015-08-01,12.458333333333334
RD22,2015-08-02,12.5
RD22,2015-08-03,11.829166666666667
RD22,2015-08-04,12.18125
RD22,2015-08-05,11.154166666666667
RD22,2015-08-06,18.372395833333332
RD22,2015-08-07,39.77872340425532
RD22,2015-08-08,46.490625
RD22,2015-08-09,49.80416666666667
RD22,2015-08-10,70.73125
RD22,2015-08-11,109.63125
RD22,2015-08-12,144.61458333333334
RD22,2015-08-13,102.66770833333334
RD22,2015-08-14,53.89375
RD22,2015-08-15,63.802083333333336
RD22,2015-08-16,55.35625
RD22,2015-08-17,56.14895833333333
RD22,2015-08-18,59.44583333333333
RD22,2015-08-19,79.66041666666666
RD22,2015-08-20,110.73541666666667
RD22,2015-08-21,335.4583333333333
RD22,2015-08-22,460.4479166666667
RD22,2015-08-23,612.1041666666666
RD22,2015-08-24,625.9583333333334
RD22,2015-08-25,168.40625
RD22,2015-08-26,107.54166666666667
RD22,2015-08-27,157.22916666666666
RD22,2015-08-28,287.3645833333333
RD22,2015-08-29,340.40625
RD22,2015-08-30,303.4166666666667
RD22,2015-08-31,310.96875
RD22,2015-09-01,365.1770833333333
RD22,2015-09-02,395.5208333333333
RD22,2015-09-03,399.9166666666667
RD22,2015-09-04,425.1875
RD22,2015-09-05,528.25
RD22,2015-09-06,543.8333333333334
RD22,2015-09-07,544.65625
RD22,2015-09-08,546.5
RD22,2015-09-09,546.8020833333334
RD22,2015-09-10,550.8854166666666
RD22,2015-09-11,539.28125
RD22,2015-09-12,511.25
RD22,2015-09-13,503.9895833333333
RD22,2015-09-14,497.3645833333333
RD22,2015-09-15,489.8229166666667
RD22,2015-09-16,468.5625
RD22,2015-09-17,414.7604166666667
RD22,2015-09-18,388.15625
RD22,2015-09-19,343.4479166666667
RD22,2015-09-20,293.8645833333333
RD22,2015-09-21,219.28125
RD22,2015-09-22,130.64583333333334
RD22,2015-09-23,134.33333333333334
RD22,2015-09-24,125.60416666666667
RD22,2015-09-25,109.6875
RD22,2015-09-26,85.03333333333333
RD22,2015-09-27,81.82187499999999
RD22,2015-09-28,74.728125
RD22,2015-09-29,65.87708333333333
RD22,2015-09-30,56.239583333333336
RD22,2015-10-01,54.125
RD22,2015-10-02,47.35520833333333
RD22,2015-10-03,34.641666666666666
RD22,2015-10-04,28.791666666666668
RD22,2015-10-05,24.854166666666668
RD22,2015-10-06,22.595833333333335
RD22,2015-10-07,22.019791666666666
RD22,2015-10-08,20.427083333333332
RD22,2015-10-09,19.530208333333334
RD22,2015-10-10,20.227083333333333
RD22,2015-10-11,18.314583333333335
RD22,2015-10-12,18.159375
RD22,2015-10-13,15.527083333333334
RD22,2015-10-14,14.157291666666666
RD22,2015-10-15,12.305208333333333
RD22,2015-10-16,10.533020833333333
RD22,2015-10-17,7.7503125
RD22,2015-10-18,5.15125
RD22,2015-10-19,4.060416666666667
RD22,2015-10-20,4.736041666666667
RD22,2015-10-21,5.658645833333333
RD22,2015-10-22,5.787395833333333
RD22,2015-10-23,5.4191666666666665
RD22,2015-10-24,5.00125
RD22,2015-10-25,4.623125
RD22,2015-10-26,4.416666666666667
RD22,2015-10-27,4.507291666666667
RD22,2015-10-28,4.407916666666667
RD22,2015-10-29,4.421250000000001
RD22,2015-10-30,5.255520833333334
RD22,2015-10-31,5.905208333333333
RD22,2015-11-01,6.2421875
RD22,2015-11-02,7.331458333333333
RD22,2015-11-03,6.9103125
RD22,2015-11-04,6.016354166666667
RD22,2015-11-05,5.3153125
RD22,2015-11-06,5.564895833333333
RD22,2015-11-07,5.742708333333334
RD22,2015-11-08,6.2184375
RD22,2015-11-09,6.7478125
RD22,2015-11-10,7.327916666666667
RD22,2015-11-11,8.389791666666667
RD22,2015-11-12,9.2715625
RD22,2015-11-13,9.950624999999999
RD22,2015-11-14,10.206770833333334
RD22,2015-11-15,11.44375
RD22,2015-11-16,11.989583333333334
RD22,2016-05-29,71.92291666666667
RD22,2016-05-30,57.932291666666664
RD22,2016-05-31,49.15833333333333
RD22,2016-06-01,46.68020833333333
RD22,2016-06-02,44.06666666666666
RD22,2016-06-03,42.26979166666666
RD22,2016-06-04,42.69479166666667
RD22,2016-06-05,45.63645833333333
RD22,2016-06-06,49.69375
RD22,2016-06-07,52.802083333333336
RD22,2016-06-08,53.78333333333333
RD22,2016-06-09,55.39270833333333
RD22,2016-06-10,72.68125
RD22,2016-06-11,84.35520833333334
RD22,2016-06-12,92.36875
RD22,2016-06-13,97.20416666666667
RD22,2016-06-14,85.10625
RD22,2016-06-15,66.56354166666667
RD22,2016-06-16,53.265625
RD22,2016-06-17,46.68541666666667
RD22,2016-06-18,44.29479166666667
RD22,2016-06-19,49.190625
RD22,2016-06-20,68.496875
RD22,2016-06-21,89.609375
RD22,2016-06-22,99.52708333333334
RD22,2016-06-23,93.84479166666667
RD22,2016-06-24,86.45625
RD22,2016-06-25,69.38020833333333
RD22,2016-06-26,64.58333333333333
RD22,2016-06-27,56.079166666666666
RD22,2016-06-28,47.608333333333334
RD22,2016-06-29,41.76979166666667
RD22,2016-06-30,39.840625
RD22,2016-07-01,39.229166666666664
RD22,2016-07-02,33.921875
RD22,2016-07-03,27.941666666666666
RD22,2016-07-04,23.979166666666668
RD22,2016-07-05,24.786458333333336
RD22,2016-07-06,32.58315789473684
RD22,2016-07-07,39.07083333333333
RD22,2016-07-08,41.859375
RD22,2016-07-09,44.73020833333334
RD22,2016-07-10,46.588541666666664
RD22,2016-07-11,51.28333333333333
RD22,2016-07-12,57.18958333333333
RD22,2016-07-13,87.09583333333333
RD22,2016-07-14,212.79166666666666
RD22,2016-07-15,285.75
RD22,2016-07-16,319.09375
RD22,2016-07-17,377.0104166666667
RD22,2016-07-18,392.7395833333333
RD22,2016-07-19,418.7395833333333
RD22,2016-07-20,451.7291666666667
RD22,2016-07-21,448.875
RD22,2016-07-22,451.21875
RD22,2016-07-23,562.34375
RD22,2016-07-24,592.75
RD22,2016-07-25,621.0416666666666
RD22,2016-07-26,591.1145833333334
RD22,2016-07-27,575.5
RD22,2016-07-28,521.5208333333334
RD22,2016-07-29,327.8541666666667
RD22,2016-07-30,187.10416666666666
RD22,2016-07-31,168.48958333333334
RD22,2016-08-01,139.51458333333332
RD22,2016-08-02,34.55789473684211
RD22,2016-08-03,29.555208333333333
RD22,2016-08-04,30.009375
RD22,2016-08-05,31.190625
RD22,2016-08-06,32.240625
RD22,2016-08-07,33.540625
RD22,2016-08-08,40.35208333333333
RD22,2016-08-09,48.583333333333336
RD22,2016-08-10,53.791666666666664
RD22,2016-08-11,51.723958333333336
RD22,2016-08-12,51.009375
RD22,2016-08-13,49.734375
RD22,2016-08-14,47.80520833333333
RD22,2016-08-15,46.3375
RD22,2016-08-16,43.702083333333334
RD22,2016-08-17,41.0125
RD22,2016-08-18,39.871875
RD22,2016-08-19,39.54375
RD22,2016-08-20,37.328125
RD22,2016-08-21,36.425
RD22,2016-08-22,37.80520833333333
RD22,2016-08-23,39.996875
RD22,2016-08-24,42.69583333333333
RD22,2016-08-25,44.119791666666664
RD22,2016-08-26,48.03854166666667
RD22,2016-08-27,42.61770833333333
RD22,2016-08-28,37.121875
RD22,2016-08-29,32.911458333333336
RD22,2016-08-30,30.40625
RD22,2016-08-31,30.691304347826087
RD22,2016-09-01,31.28125
RD22,2016-09-02,32.33020833333333
RD22,2016-09-03,35.225
RD22,2016-09-04,36.634375
RD22,2016-09-05,37.168749999999996
RD22,2016-09-06,39.026041666666664
RD22,2016-09-07,38.141666666666666
RD22,2016-09-08,39.389583333333334
RD22,2016-09-09,41.891666666666666
RD22,2016-09-10,49.746875
RD22,2016-09-11,44.255208333333336
RD22,2016-09-12,41.2875
RD22,2016-09-13,38.9
RD22,2016-09-14,36.803125
RD22,2016-09-15,35.203125
RD22,2016-09-16,46.28541666666667
RD22,2017-07-14,27.128125
RD22,2017-07-15,26.70625
RD22,2017-07-16,26.092708333333334
RD22,2017-07-17,26.942708333333332
RD22,2017-07-18,25.855208333333334
RD22,2017-07-19,26.29375
RD22,2017-07-20,27.278125
RD22,2017-07-21,27.01770833333333
RD22,2017-07-22,25.535416666666666
RD22,2017-07-23,24.772916666666667
RD22,2017-07-24,24.010416666666668
RD22,2017-07-25,24.413541666666667
RD22,2017-07-26,25.402083333333334
RD22,2017-07-27,25.40833333333333
RD22,2017-07-28,25.103125
RD22,2017-07-29,25.28333333333333
RD22,2017-07-30,24.733333333333334
RD22,2017-07-31,24.115625
RD22,2017-08-01,23.102083333333333
RD22,2017-08-02,23.946875
RD22,2017-08-03,24.897916666666667
RD22,2017-08-04,26.778125
RD22,2017-08-05,25.016666666666666
RD22,2017-08-06,24.727083333333333
RD22,2017-08-07,23.113541666666666
RD22,2017-08-08,22.275
RD22,2017-08-09,21.348958333333332
RD22,2017-08-10,21.221875
RD22,2017-08-11,21.059375
RD22,2017-08-12,21.746875
RD22,2017-08-13,20.806250000000002
RD22,2017-08-14,19.086458333333333
RD22,2017-08-15,19.02916666666667
RD22,2017-08-16,17.6875
RD22,2017-08-17,16.5
RD22,2017-08-18,16.00208333333333
RD22,2017-08-19,17.5125
RD22,2017-08-20,18.858333333333334
RD22,2017-08-21,16.753125
RD22,2017-08-22,17.157291666666666
RD22,2017-08-23,16.820833333333333
RD22,2017-08-24,16.39270833333333
RD22,2017-08-25,16.39375
RD22,2017-08-26,17.555208333333333
RD22,2017-08-27,16.865625
RD22,2017-08-28,16.183333333333334
RD22,2017-08-29,16.19375
RD22,2017-08-30,15.990625
RD22,2017-08-31,16.165625
RD22,2017-09-01,26.509375
RD22,2017-09-02,15.703125
RD22,2017-09-03,15.164583333333333
RD22,2017-09-04,14.572916666666666
RD22,2017-09-05,16.438541666666666
RD22,2017-09-06,17.305208333333333
RD22,2017-09-07,15.998958333333334
RD22,2017-09-08,16.258695652173913
RD22,2017-09-09,19.4
RD22,2017-09-10,20.45
RD22,2017-09-11,21
RD22,2017-09-12,20.4
RD22,2017-09-13,20.700000000000003
RD22,2017-09-14,20.975
RD22,2017-09-15,15.636986301369863
RD22,2017-09-16,13.161764705882353
RD22,2017-09-17,17.4125
RD22,2017-09-18,18.7375
RD22,2017-09-19,14.673239436619719
RD22,2017-09-20,13.095833333333333
RD22,2017-09-21,13.121875
RD22,2017-09-22,14.921875
RD22,2017-09-23,13.941666666666666
RD22,2017-09-24,13.30625
RD22,2017-09-25,12.752083333333333
RD22,2017-09-26,12.266666666666666
RD22,2017-09-27,11.977083333333333
RD22,2017-09-28,12.1125
RD22,2017-09-29,11.634375
RD22,2017-09-30,10.054895833333333
RD22,2017-10-01,8.7575
RD22,2017-10-02,8.347916666666666
RD22,2017-10-03,8.267916666666666
RD22,2017-10-04,8.35625
RD22,2017-10-05,7.592604166666667
RD22,2017-10-06,6.90875
RD22,2017-10-07,6.343020833333333
RD22,2017-10-08,5.6814583333333335
RD22,2017-10-09,5.171875
RD22,2017-10-10,4.953125
RD22,2017-10-11,4.556354166666667
RD22,2017-10-12,4.706875
RD22,2017-10-13,5.105416666666667
RD22,2017-10-14,5.143020833333333
RD22,2017-10-15,5.71
RD22,2017-10-16,6.663854166666667
RD22,2017-10-17,8.184270833333333
RD22,2017-10-18,10.621041666666667
RD22,2017-10-19,11.672916666666667
RD22,2017-10-20,13.011458333333334
RD22,2017-10-21,14.073958333333334
RD22,2017-10-22,13.022916666666667
RD22,2017-10-23,10.879375
RD22,2017-10-24,7.843125
RD22,2017-10-25,5.715729166666667
RD22,2017-10-26,4.630833333333333
RD22,2017-10-27,4.323541666666666
RD22,2017-10-28,3.7441666666666666
RD22,2017-10-29,3.300625
RD22,2017-10-30,3.3913541666666664
RD22,2017-10-31,6.055416666666667
RD22,2017-11-01,11.312604166666667
RD22,2017-11-02,17.196875000000002
RD22,2017-11-03,20.377083333333335
RD22,2018-07-13,18.152083333333334
RD22,2018-07-14,21.054166666666667
RD22,2018-07-15,22.99473684210526
RD22,2018-07-16,22.697916666666668
RD22,2018-07-17,23.509375
RD22,2018-07-18,25.627368421052633
RD22,2018-07-19,47.03157894736842
RD22,2018-07-20,49.639583333333334
RD22,2018-07-21,47.478125
RD22,2018-07-22,45.485416666666666
RD22,2018-07-23,55.44105263157895
RD22,2018-07-24,52.809375
RD22,2018-07-25,50.16808510638298
RD22,2018-07-26,49.532978723404256
RD22,2018-07-27,45.36145833333333
RD22,2018-07-28,33.546875
RD22,2018-07-29,24.371875
RD22,2018-07-30,20.263541666666665
RD22,2018-07-31,23.657291666666666
RD22,2018-08-01,28.948958333333334
RD22,2018-08-02,35.42916666666667
RD22,2018-08-03,36.84791666666667
RD22,2018-08-04,35.790625000000006
RD22,2018-08-05,35.81458333333333
RD22,2018-08-06,38.610416666666666
RD22,2018-08-07,43.028125
RD22,2018-08-08,45.228125
RD22,2018-08-09,48.072916666666664
RD22,2018-08-10,51.197916666666664
RD22,2018-08-11,52.99263157894737
RD22,2018-08-12,58.75263157894737
RD22,2018-08-13,61.8
RD22,2018-08-14,62.86875
RD22,2018-08-15,58.364583333333336
RD22,2018-08-16,53.56666666666667
RD22,2018-08-17,47.25729166666667
RD22,2018-08-18,43.53541666666666
RD22,2018-08-19,40.02395833333333
RD22,2018-08-20,36.109375
RD22,2018-08-21,33.041666666666664
RD22,2018-08-22,33.516666666666666
RD22,2018-08-23,33.641666666666666
RD22,2018-08-24,38.809375
RD22,2018-08-25,52.921875
RD22,2018-08-26,47.234375
RD22,2018-08-27,95.70416666666667
RD22,2018-08-28,353.71875
RD22,2018-08-29,390.9166666666667
RD22,2018-08-30,413.8333333333333
RD22,2018-08-31,433.6145833333333
RD22,2018-09-01,407.7395833333333
RD22,2018-09-02,387.8645833333333
RD22,2018-09-03,356.625
RD22,2018-09-04,359.1041666666667
RD22,2018-09-05,489.2083333333333
RD22,2018-09-06,556.5625
RD22,2018-09-07,562.5729166666666
RD22,2018-09-08,532.3125
RD22,2018-09-09,471.3645833333333
RD22,2018-09-10,458.15625
RD22,2018-09-11,458.1458333333333
RD22,2018-09-12,499.2604166666667
RD22,2018-09-13,516.6145833333334
RD22,2018-09-14,520.1458333333334
RD22,2018-09-15,601.4270833333334
RD22,2018-09-16,600.0625
RD22,2018-09-17,518.5
RD22,2018-09-18,492.9270833333333
RD22,2018-09-19,446.875
RD22,2018-09-20,384.625
RD22,2018-09-21,316.71875
RD22,2018-09-22,241.41666666666666
RD22,2018-09-23,182.23958333333334
RD22,2018-09-24,159.22916666666666
RD22,2018-09-25,93.134375
RD22,2018-09-26,21.717708333333334
RD22,2018-09-27,54.16875
RD22,2018-09-28,68.628125
RD22,2018-09-29,52.503125
RD22,2018-09-30,42.121875
RD22,2018-10-01,32.454166666666666
RD22,2018-10-02,24.998958333333334
RD22,2018-10-03,22.590625
RD22,2018-10-04,21.260416666666668
RD22,2018-10-05,17.446875000000002
RD22,2018-10-06,15.208333333333334
RD22,2018-10-07,15.772916666666667
RD22,2018-10-08,17.438541666666666
RD22,2018-10-09,16.838541666666668
RD22,2018-10-10,14.125
RD22,2018-10-11,13.206249999999999
RD22,2018-10-12,12.558333333333334
RD22,2018-10-13,11.402083333333334
RD22,2018-10-14,10.576770833333333
RD22,2018-10-15,9.5590625
RD22,2018-10-16,9.1903125
RD22,2018-10-17,10.101770833333333
RD22,2018-10-18,11.308333333333334
RD22,2018-10-19,11.328125
RD22,2018-10-20,11.769791666666666
RD22,2018-10-21,11.6625
RD22,2018-10-22,10.182291666666666
RD22,2018-10-23,7.991145833333333
RD22,2018-10-24,6.390729166666667
RD22,2018-10-25,5.14
RD22,2018-10-26,4.7448958333333335
RD22,2018-10-27,4.6934375
RD22,2018-10-28,4.467395833333334
RD22,2018-10-29,4.1090625
RD22,2018-10-30,4.025104166666667
RD22,2018-10-31,4.574583333333333
RD22,2018-11-01,7.708645833333334
RD22,2018-11-02,6.853229166666667
RD22,2018-11-03,5.788645833333334
RD22,2018-11-04,5.88125
RD22,2018-11-05,6.530104166666667
RD22,2018-11-06,7.465
RD22,2018-11-07,7.297916666666667
RD22,2018-11-08,6.2446875
RD22,2018-11-09,6.191578947368421
RD22,2018-11-10,5.607916666666666
RD22,2018-11-11,4.851458333333333
RD22,2019-07-11,20.371875
RD22,2019-07-12,22.48645833333333
RD22,2019-07-13,21.307291666666668
RD22,2019-07-14,20.625
RD22,2019-07-15,23.744791666666668
RD22,2019-07-16,36.0125
RD22,2019-07-17,38.41354166666667
RD22,2019-07-18,36.240625
RD22,2019-07-19,25.079166666666666
RD22,2019-07-20,24.198958333333334
RD22,2019-07-21,20.288541666666667
RD22,2019-07-22,20.471875
RD22,2019-07-23,15.970833333333333
RD22,2019-07-24,16.675
RD22,2019-07-25,15.725
RD22,2019-07-26,18.126041666666666
RD22,2019-07-27,21.590625
RD22,2019-07-28,20.089583333333334
RD22,2019-07-29,23
RD22,2019-07-30,20.326041666666665
RD22,2019-07-31,17.303125
RD22,2019-08-01,15.866666666666667
RD22,2019-08-02,16.996875
RD22,2019-08-03,17.28125
RD22,2019-08-04,17.596875
RD22,2019-08-05,18.317708333333332
RD22,2019-08-06,16.717708333333334
RD22,2019-08-07,14.176041666666666
RD22,2019-08-08,15.928125
RD22,2019-08-09,23.78333333333333
RD22,2019-08-10,24
RD22,2019-08-11,19.79375
RD22,2019-08-12,16.365625
RD22,2019-08-13,18.140625
RD22,2019-08-14,19.960416666666667
RD22,2019-08-15,18.426041666666666
RD22,2019-08-16,16.349333333333334
RD22,2019-08-17,16.077173913043477
RD22,2019-08-18,16.33125
RD22,2019-08-19,15.897916666666667
RD22,2019-08-20,18.261458333333334
RD22,2019-08-21,21.023958333333333
RD22,2019-08-22,17.990625
RD22,2019-08-23,17.777083333333334
RD22,2019-08-24,20.921875
RD22,2019-08-25,21.934375
RD22,2019-08-26,72.01041666666667
RD22,2019-08-27,263.71875
RD22,2019-08-28,437.5520833333333
RD22,2019-08-29,602.6979166666666
RD22,2019-08-30,621.5729166666666
RD22,2019-08-31,603.1354166666666
RD22,2019-09-01,598.8645833333334
RD22,2019-09-02,586.9166666666666
RD22,2019-09-03,599.3541666666666
RD22,2019-09-04,677.7395833333334
RD22,2019-09-05,722.8020833333334
RD22,2019-09-06,750.53125
RD22,2019-09-07,680.6041666666666
RD22,2019-09-08,714.0729166666666
RD22,2019-09-09,688.15625
RD22,2019-09-10,675.7916666666666
RD22,2019-09-11,704.75
RD22,2019-09-12,714.8229166666666
RD22,2019-09-13,715.8645833333334
RD22,2019-09-14,694.7604166666666
RD22,2019-09-15,647.71875
RD22,2019-09-16,621.2395833333334
RD22,2019-09-17,605.9479166666666
RD22,2019-09-18,662.7708333333334
RD22,2019-09-19,559.90625
RD22,2019-09-20,291.59375
RD22,2019-09-21,87.53125
RD22,2019-09-22,65.49791666666667
RD22,2019-09-23,49.48020833333333
RD22,2019-09-24,41.028125
RD22,2019-09-25,67.16041666666666
RD22,2019-09-26,56.833333333333336
RD22,2019-09-27,53.228125
RD22,2019-09-28,48.575
RD22,2019-09-29,46.271875
RD22,2019-09-30,47.717708333333334
RD22,2019-10-01,42.02916666666667
RD22,2019-10-02,27.240625
RD22,2019-10-03,26.40625
RD22,2019-10-04,27.841666666666665
RD22,2019-10-05,44.003125000000004
RD22,2019-10-06,42.63125
RD22,2019-10-07,26.81458333333333
RD22,2019-10-08,23.389583333333334
RD22,2019-10-09,29.896875
RD22,2019-10-10,38.275
RD22,2019-10-11,19.094791666666666
RD22,2019-10-12,15.029166666666667
RD22,2019-10-13,11.8125
RD22,2019-10-14,11.378125
RD22,2019-10-15,10.79375
RD22,2019-10-16,10.786458333333334
RD22,2019-10-17,12.0625
RD22,2019-10-18,11.661458333333334
RD22,2019-10-19,11.307291666666666
RD22,2019-10-20,10.722916666666666
RD22,2019-10-21,10.152083333333334
RD22,2019-10-22,9.691666666666666
RD22,2019-10-23,9.391145833333333
RD22,2019-10-24,9.026145833333333
RD22,2019-10-25,9.043333333333333
RD22,2019-10-26,10.075520833333332
RD22,2019-10-27,9.67875
RD22,2019-10-28,9.722916666666666
RD22,2019-10-29,9.760937499999999
RD22,2019-10-30,9.5625
RD22,2019-10-31,9.859375
RD22,2019-11-01,11.367708333333333
RD22,2019-11-02,11.685416666666667
RD22,2019-11-03,10.685416666666667
RD22,2019-11-04,10.64375
RD22,2019-11-05,10.265625
RD22,2019-11-06,10.106770833333332
RVB,2013-07-07,9072.083333333334
RVB,2013-07-08,10245
RVB,2013-07-09,9356.25
RVB,2013-07-10,8309.583333333334
RVB,2013-07-11,9752.916666666666
RVB,2013-07-12,10470.833333333334
RVB,2013-07-13,9905
RVB,2013-07-14,9338.333333333334
RVB,2013-07-15,9463.333333333334
RVB,2013-07-16,10571.25
RVB,2013-07-17,10027.5
RVB,2013-07-18,7741.666666666667
RVB,2013-07-19,7334.166666666667
RVB,2013-07-20,7480.416666666667
RVB,2013-07-21,8302.5
RVB,2013-07-22,10455.833333333334
RVB,2013-07-23,10381.25
RVB,2013-07-24,9432.5
RVB,2013-07-25,9355
RVB,2013-07-26,10178.75
RVB,2013-07-27,10165.416666666666
RVB,2013-07-28,9925
RVB,2013-07-29,10708.333333333334
RVB,2013-07-30,10668.75
RVB,2013-07-31,9639.583333333334
RVB,2013-08-01,10362.5
RVB,2013-08-02,9040
RVB,2013-08-03,9607.916666666666
RVB,2013-08-04,11170.833333333334
RVB,2013-08-05,9715.416666666666
RVB,2013-08-06,9264.166666666666
RVB,2013-08-07,10335.416666666666
RVB,2013-08-08,9132.916666666666
RVB,2013-08-09,8688.333333333334
RVB,2013-08-10,9712.916666666666
RVB,2013-08-11,9581.666666666666
RVB,2013-08-12,9846.666666666666
RVB,2013-08-13,9917.083333333334
RVB,2013-08-14,8667.5
RVB,2013-08-15,8629.583333333334
RVB,2013-08-16,9275.416666666666
RVB,2013-08-17,9358.333333333334
RVB,2013-08-18,8889.583333333334
RVB,2013-08-19,7847.916666666667
RVB,2013-08-20,8497.916666666666
RVB,2013-08-21,10910.416666666666
RVB,2013-08-22,11266.666666666666
RVB,2013-08-23,10725
RVB,2013-08-24,10554.166666666666
RVB,2013-08-25,11762.5
RVB,2013-08-26,11662.5
RVB,2013-08-27,10529.166666666666
RVB,2013-08-28,10745.833333333334
RVB,2013-08-29,11320.833333333334
RVB,2013-08-30,9964.583333333334
RVB,2013-08-31,8599.583333333334
RVB,2013-09-01,9518.75
RVB,2013-09-02,9793.333333333334
RVB,2013-09-03,9302.5
RVB,2013-09-04,8947.916666666666
RVB,2013-09-05,9227.916666666666
RVB,2013-09-06,9573.75
RVB,2013-09-07,7615.833333333333
RVB,2013-09-08,7742.5
RVB,2013-09-09,7726.25
RVB,2013-09-10,7807.083333333333
RVB,2013-09-11,10843.333333333334
RVB,2013-09-12,9367.916666666666
RVB,2013-09-13,7732.916666666667
RVB,2013-09-14,7475.416666666667
RVB,2013-09-15,7924.166666666667
RVB,2013-09-16,7324.166666666667
RVB,2013-09-17,7667.5
RVB,2013-09-18,7262.083333333333
RVB,2013-09-19,5140
RVB,2013-09-20,5081.25
RVB,2013-09-21,6821.666666666667
RVB,2013-09-22,7255.416666666667
RVB,2013-09-23,6501.25
RVB,2013-09-24,6070
RVB,2013-09-25,8171.25
RVB,2013-09-26,8457.5
RVB,2013-09-27,6956.25
RVB,2013-09-28,6102.083333333333
RVB,2013-09-29,6058.333333333333
RVB,2013-09-30,5648.333333333333
RVB,2013-10-01,5876.25
RVB,2013-10-02,5831.25
RVB,2013-10-03,6344.166666666667
RVB,2013-10-04,4075.4166666666665
RVB,2013-10-05,3631.25
RVB,2013-10-06,3620.4166666666665
RVB,2013-10-07,3250.4166666666665
RVB,2013-10-08,3603.3333333333335
RVB,2013-10-09,5227.083333333333
RVB,2013-10-10,6416.666666666667
RVB,2013-10-11,5732.5
RVB,2013-10-12,4829.583333333333
RVB,2013-10-13,5497.5
RVB,2013-10-14,4684.166666666667
RVB,2013-10-15,3196.25
RVB,2013-10-16,3230.4166666666665
RVB,2013-10-17,3199.1666666666665
RVB,2013-10-18,3868.75
RVB,2013-10-19,3717.5
RVB,2013-10-20,3546.25
RVB,2013-10-21,4869.166666666667
RVB,2013-10-22,5501.666666666667
RVB,2013-10-23,5245.833333333333
RVB,2013-10-24,7901.666666666667
RVB,2013-10-25,8630.416666666666
RVB,2013-10-26,5400
RVB,2013-10-27,3481.25
RVB,2013-10-28,9175.416666666666
RVB,2013-10-29,8530.833333333334
RVB,2013-10-30,6827.5
RVB,2013-10-31,5452.916666666667
RVB,2013-11-01,4031.6666666666665
RVB,2013-11-02,3952.9166666666665
RVB,2013-11-03,5426.25
RVB,2013-11-04,6041.666666666667
RVB,2013-11-05,7105.416666666667
RVB,2013-11-06,7073.333333333333
RVB,2013-11-07,6175.833333333333
RVB,2013-11-08,6077.916666666667
RVB,2013-11-09,5213.333333333333
RVB,2013-11-10,5112.916666666667
RVB,2013-11-11,5993.75
RVB,2013-11-12,6025.833333333333
RVB,2013-11-13,4874.166666666667
RVB,2013-11-14,4077.0833333333335
RVB,2013-11-15,4575.416666666667
RVB,2013-11-16,5191.666666666667
RVB,2013-11-17,5736.666666666667
RVB,2014-07-25,4046.25
RVB,2014-07-26,4208.75
RVB,2014-07-27,4434.583333333333
RVB,2014-07-28,4607.5
RVB,2014-07-29,5125.416666666667
RVB,2014-07-30,5165.416666666667
RVB,2014-07-31,4950.416666666667
RVB,2014-08-01,4131.25
RVB,2014-08-02,4473.333333333333
RVB,2014-08-03,4538.333333333333
RVB,2014-08-04,4384.166666666667
RVB,2014-08-05,4839.583333333333
RVB,2014-08-06,3072.0833333333335
RVB,2014-08-07,3747.9166666666665
RVB,2014-08-08,5050
RVB,2014-08-09,5189.166666666667
RVB,2014-08-10,6192.5
RVB,2014-08-11,4740
RVB,2014-08-12,4691.25
RVB,2014-08-13,5660.833333333333
RVB,2014-08-14,5245
RVB,2014-08-15,4263.75
RVB,2014-08-16,3459.1666666666665
RVB,2014-08-17,3271.25
RVB,2014-08-18,3279.5833333333335
RVB,2014-08-19,3780.8333333333335
RVB,2014-08-20,5190.833333333333
RVB,2014-08-21,5073.333333333333
RVB,2014-08-22,3618.3333333333335
RVB,2014-08-23,3915.8333333333335
RVB,2014-08-24,3754.5833333333335
RVB,2014-08-25,6033.333333333333
RVB,2014-08-26,6480.416666666667
RVB,2014-08-27,5642.916666666667
RVB,2014-08-28,5007.916666666667
RVB,2014-08-29,5335.416666666667
RVB,2014-08-30,5232.916666666667
RVB,2014-08-31,5769.166666666667
RVB,2014-09-01,4476.666666666667
RVB,2014-09-02,3340
RVB,2014-09-03,3883.3333333333335
RVB,2014-09-04,3934.5833333333335
RVB,2014-09-05,5547.916666666667
RVB,2014-09-06,5600.833333333333
RVB,2014-09-07,4288.75
RVB,2014-09-08,4615.833333333333
RVB,2014-09-09,5709.583333333333
RVB,2014-09-10,4702.083333333333
RVB,2014-09-11,5071.25
RVB,2014-09-12,4969.166666666667
RVB,2014-09-13,4462.916666666667
RVB,2014-09-14,5076.25
RVB,2014-09-15,5112.5
RVB,2014-09-16,5071.666666666667
RVB,2014-09-17,4459.166666666667
RVB,2014-09-18,5775.833333333333
RVB,2014-09-19,4891.666666666667
RVB,2014-09-20,3503.3333333333335
RVB,2014-09-21,5225
RVB,2014-09-22,6157.916666666667
RVB,2014-09-23,4804.583333333333
RVB,2014-09-24,4761.25
RVB,2014-09-25,5823.333333333333
RVB,2014-09-26,4640
RVB,2014-09-27,4179.166666666667
RVB,2014-09-28,4679.166666666667
RVB,2014-09-29,3820.4166666666665
RVB,2014-09-30,4461.666666666667
RVB,2014-10-01,4482.083333333333
RVB,2014-10-02,4467.916666666667
RVB,2014-10-03,4171.25
RVB,2014-10-04,3509.1666666666665
RVB,2014-10-05,4003.3333333333335
RVB,2014-10-06,3800.4166666666665
RVB,2014-10-07,3269.5833333333335
RVB,2014-10-08,3831.6666666666665
RVB,2014-10-09,4499.583333333333
RVB,2014-10-10,5405.833333333333
RVB,2014-10-11,5761.25
RVB,2014-10-12,5079.166666666667
RVB,2014-10-13,1902.0833333333333
RVB,2014-10-14,2620
RVB,2014-10-15,5328.75
RVB,2014-10-16,3964.5833333333335
RVB,2014-10-17,4490
RVB,2014-10-18,3491.6666666666665
RVB,2014-10-19,3724.1666666666665
RVB,2014-10-20,5903.333333333333
RVB,2014-10-21,5439.583333333333
RVB,2014-10-22,4436.666666666667
RVB,2014-10-23,4462.5
RVB,2014-10-24,2649.1666666666665
RVB,2014-10-25,3254.5833333333335
RVB,2014-10-26,6788.75
RVB,2014-10-27,6167.5
RVB,2014-10-28,6247.083333333333
RVB,2014-10-29,6160
RVB,2014-10-30,4048.3333333333335
RVB,2014-10-31,4411.666666666667
RVB,2014-11-01,6820
RVB,2014-11-02,7694.583333333333
RVB,2014-11-03,7487.5
RVB,2014-11-04,7326.25
RVB,2014-11-05,5422.916666666667
RVB,2014-11-06,5056.666666666667
RVB,2014-11-07,4957.5
RVB,2014-11-08,4827.083333333333
RVB,2015-07-06,6391.25
RVB,2015-07-07,5021.666666666667
RVB,2015-07-08,4848.75
RVB,2015-07-09,5352.916666666667
RVB,2015-07-10,3726.6666666666665
RVB,2015-07-11,3224.1666666666665
RVB,2015-07-12,4000.4166666666665
RVB,2015-07-13,3297.5
RVB,2015-07-14,2887.5
RVB,2015-07-15,2522.5
RVB,2015-07-16,2967.9166666666665
RVB,2015-07-17,3394.5833333333335
RVB,2015-07-18,5822.916666666667
RVB,2015-07-19,7136.666666666667
RVB,2015-07-20,4447.916666666667
RVB,2015-07-21,5181.25
RVB,2015-07-22,7242.5
RVB,2015-07-23,8455
RVB,2015-07-24,5985.416666666667
RVB,2015-07-25,2285.4166666666665
RVB,2015-07-26,2367.0833333333335
RVB,2015-07-27,4009.5833333333335
RVB,2015-07-28,3300.4166666666665
RVB,2015-07-29,1855.8333333333333
RVB,2015-07-30,3162.0833333333335
RVB,2015-07-31,3020
RVB,2015-08-01,3350
RVB,2015-08-02,3272.9166666666665
RVB,2015-08-03,4338.333333333333
RVB,2015-08-04,6661.25
RVB,2015-08-05,6719.583333333333
RVB,2015-08-06,4423.333333333333
RVB,2015-08-07,3265
RVB,2015-08-08,3547.0833333333335
RVB,2015-08-09,3252.9166666666665
RVB,2015-08-10,3308.75
RVB,2015-08-11,5287.5
RVB,2015-08-12,5885.833333333333
RVB,2015-08-13,5255
RVB,2015-08-14,5679.583333333333
RVB,2015-08-15,4470
RVB,2015-08-16,3086.25
RVB,2015-08-17,1927.0833333333333
RVB,2015-08-18,2498.75
RVB,2015-08-19,4098.75
RVB,2015-08-20,4175.416666666667
RVB,2015-08-21,4130
RVB,2015-08-22,4458.333333333333
RVB,2015-08-23,4527.916666666667
RVB,2015-08-24,5240.833333333333
RVB,2015-08-25,5067.5
RVB,2015-08-26,4647.5
RVB,2015-08-27,4300.416666666667
RVB,2015-08-28,3938.3333333333335
RVB,2015-08-29,4775
RVB,2015-08-30,5800.416666666667
RVB,2015-08-31,5448.75
RVB,2015-09-01,4797.5
RVB,2015-09-02,4485.833333333333
RVB,2015-09-03,5035
RVB,2015-09-04,5447.916666666667
RVB,2015-09-05,5640
RVB,2015-09-06,3331.6666666666665
RVB,2015-09-07,2146.25
RVB,2015-09-08,2072.9166666666665
RVB,2015-09-09,2325.4166666666665
RVB,2015-09-10,2338.3333333333335
RVB,2015-09-11,2485.4166666666665
RVB,2015-09-12,3787.5
RVB,2015-09-13,3413.3333333333335
RVB,2015-09-14,3397.9166666666665
RVB,2015-09-15,5601.25
RVB,2015-09-16,6738.333333333333
RVB,2015-09-17,5117.5
RVB,2015-09-18,3939.5833333333335
RVB,2015-09-19,2605.4166666666665
RVB,2015-09-20,1962.5
RVB,2015-09-21,1011.4166666666666
RVB,2015-09-22,3044.5833333333335
RVB,2015-09-23,5465
RVB,2015-09-24,3692.5
RVB,2015-09-25,2335
RVB,2015-09-26,3072.0833333333335
RVB,2015-09-27,3692.0833333333335
RVB,2015-09-28,4025.4166666666665
RVB,2015-09-29,4277.916666666667
RVB,2015-09-30,5311.25
RVB,2015-10-01,4244.166666666667
RVB,2015-10-02,3350.8333333333335
RVB,2015-10-03,2200
RVB,2015-10-04,3482.5
RVB,2015-10-05,4027.5
RVB,2015-10-06,5464.583333333333
RVB,2015-10-07,5511.25
RVB,2015-10-08,5537.916666666667
RVB,2015-10-09,4437.083333333333
RVB,2015-10-10,4660.416666666667
RVB,2015-10-11,5307.083333333333
RVB,2015-10-12,5252.916666666667
RVB,2015-10-13,3118.75
RVB,2015-10-14,1347.5
RVB,2015-10-15,2249.1666666666665
RVB,2015-10-16,2157.5
RVB,2015-10-17,4555
RVB,2015-10-18,5693.333333333333
RVB,2015-10-19,5507.083333333333
RVB,2015-10-20,3800
RVB,2015-10-21,2714.1666666666665
RVB,2015-10-22,3197.9166666666665
RVB,2015-10-23,4203.75
RVB,2015-10-24,3648.3333333333335
RVB,2015-10-25,3795
RVB,2015-10-26,4210
RVB,2015-10-27,4237.5
RVB,2015-10-28,4135.416666666667
RVB,2015-10-29,4852.083333333333
RVB,2015-10-30,5062.5
RVB,2015-10-31,4386.25
RVB,2015-11-01,5165.416666666667
RVB,2015-11-02,4932.5
RVB,2015-11-03,5507.5
RVB,2015-11-04,5259.583333333333
RVB,2015-11-05,4910
RVB,2015-11-06,3681.25
RVB,2015-11-07,3145.4166666666665
RVB,2015-11-08,2875
RVB,2015-11-09,4582.916666666667
RVB,2015-11-10,6733.75
RVB,2015-11-11,5037.083333333333
RVB,2015-11-12,3274.5833333333335
RVB,2015-11-13,3081.6666666666665
RVB,2015-11-14,249.20833333333334
RVB,2015-11-15,3616.9583333333335
RVB,2015-11-16,10229.583333333334
RVB,2016-05-29,5505.416666666667
RVB,2016-05-30,5647.5
RVB,2016-05-31,5018.75
RVB,2016-06-01,5505.416666666667
RVB,2016-06-02,6933.75
RVB,2016-06-03,5100.833333333333
RVB,2016-06-04,3299.1666666666665
RVB,2016-06-05,3466.6666666666665
RVB,2016-06-06,5624.583333333333
RVB,2016-06-07,9107.5
RVB,2016-06-08,10566.666666666666
RVB,2016-06-09,11054.166666666666
RVB,2016-06-10,9595
RVB,2016-06-11,6152.5
RVB,2016-06-12,3985
RVB,2016-06-13,7177.5
RVB,2016-06-14,8557.5
RVB,2016-06-15,9023.75
RVB,2016-06-16,9136.666666666666
RVB,2016-06-17,7530
RVB,2016-06-18,8148.333333333333
RVB,2016-06-19,5207.083333333333
RVB,2016-06-20,5780.416666666667
RVB,2016-06-21,6337.083333333333
RVB,2016-06-22,6575.833333333333
RVB,2016-06-23,8210.416666666666
RVB,2016-06-24,9345
RVB,2016-06-25,7905
RVB,2016-06-26,7689.583333333333
RVB,2016-06-27,7225.833333333333
RVB,2016-06-28,5401.666666666667
RVB,2016-06-29,5330.416666666667
RVB,2016-06-30,6754.583333333333
RVB,2016-07-01,5695
RVB,2016-07-02,6178.75
RVB,2016-07-03,7569.583333333333
RVB,2016-07-04,8502.5
RVB,2016-07-05,9472.5
RVB,2016-07-06,9977.916666666666
RVB,2016-07-07,9902.5
RVB,2016-07-08,9900.833333333334
RVB,2016-07-09,10450
RVB,2016-07-10,10970.833333333334
RVB,2016-07-11,9314.583333333334
RVB,2016-07-12,8935.833333333334
RVB,2016-07-13,8812.083333333334
RVB,2016-07-14,7302.916666666667
RVB,2016-07-15,7134.583333333333
RVB,2016-07-31,9669.166666666666
RVB,2016-08-01,9983.75
RVB,2016-08-02,9983.75
RVB,2016-08-03,9602.916666666666
RVB,2016-08-04,9912.916666666666
RVB,2016-08-05,11050
RVB,2016-08-06,10941.666666666666
RVB,2016-08-07,11158.333333333334
RVB,2016-08-08,10966.666666666666
RVB,2016-08-09,10092.5
RVB,2016-08-10,9417.916666666666
RVB,2016-08-11,10729.166666666666
RVB,2016-08-12,10862.5
RVB,2016-08-13,10625
RVB,2016-08-14,9751.666666666666
RVB,2016-08-15,9856.666666666666
RVB,2016-08-16,9374.583333333334
RVB,2016-08-17,8559.166666666666
RVB,2016-08-18,8133.75
RVB,2016-08-19,8102.916666666667
RVB,2016-08-20,8150.416666666667
RVB,2016-08-21,8687.916666666666
RVB,2016-08-22,9200.416666666666
RVB,2016-08-23,9187.5
RVB,2016-08-24,8762.5
RVB,2016-08-25,7701.666666666667
RVB,2016-08-26,8103.333333333333
RVB,2016-08-27,10213.333333333334
RVB,2016-08-28,9891.666666666666
RVB,2016-08-29,9612.5
RVB,2016-08-30,9207.5
RVB,2016-08-31,9137.083333333334
RVB,2016-09-01,9439.166666666666
RVB,2016-09-02,8949.166666666666
RVB,2016-09-03,8896.666666666666
RVB,2016-09-04,9777.5
RVB,2016-09-05,9882.5
RVB,2016-09-06,10991.666666666666
RVB,2016-09-07,9113.333333333334
RVB,2016-09-08,8319.583333333334
RVB,2016-09-09,10137.916666666666
RVB,2016-09-10,9556.666666666666
RVB,2016-09-11,9604.166666666666
RVB,2016-09-12,10182.5
RVB,2016-09-13,10591.666666666666
RVB,2016-09-14,9326.666666666666
RVB,2016-09-15,7614.166666666667
RVB,2016-09-16,7805
RVB,2017-07-14,8914.166666666666
RVB,2017-07-15,8997.5
RVB,2017-07-16,7571.25
RVB,2017-07-17,6947.083333333333
RVB,2017-07-18,7604.583333333333
RVB,2017-07-19,7462.083333333333
RVB,2017-07-20,7349.166666666667
RVB,2017-07-21,7582.5
RVB,2017-07-22,7680.833333333333
RVB,2017-07-23,7278.333333333333
RVB,2017-07-24,8216.666666666666
RVB,2017-07-25,10517.5
RVB,2017-07-26,10508.333333333334
RVB,2017-07-27,10200
RVB,2017-07-28,10462.5
RVB,2017-07-29,10558.333333333334
RVB,2017-07-30,10345.833333333334
RVB,2017-07-31,10425
RVB,2017-08-01,10166.666666666666
RVB,2017-08-02,10525
RVB,2017-08-03,10645.833333333334
RVB,2017-08-04,10246.666666666666
RVB,2017-08-05,9826.25
RVB,2017-08-06,11033.333333333334
RVB,2017-08-07,11375
RVB,2017-08-08,11133.333333333334
RVB,2017-08-09,11620.833333333334
RVB,2017-08-10,11666.666666666666
RVB,2017-08-11,11758.333333333334
RVB,2017-08-12,11108.333333333334
RVB,2017-08-13,10658.333333333334
RVB,2017-08-14,11025
RVB,2017-08-15,10937.5
RVB,2017-08-16,10550
RVB,2017-08-17,10770.833333333334
RVB,2017-08-18,10666.666666666666
RVB,2017-08-19,10741.666666666666
RVB,2017-08-20,11866.666666666666
RVB,2017-08-21,13070.833333333334
RVB,2017-08-22,12770.833333333334
RVB,2017-08-23,11995.833333333334
RVB,2017-08-24,12775
RVB,2017-08-25,13062.5
RVB,2017-08-26,12733.333333333334
RVB,2017-08-27,12175
RVB,2017-08-28,10912.5
RVB,2017-08-29,11608.333333333334
RVB,2017-08-30,13304.166666666666
RVB,2017-08-31,13291.666666666666
RVB,2017-09-01,11512.5
RVB,2017-09-02,11204.166666666666
RVB,2017-09-03,11083.333333333334
RVB,2017-09-04,11187.5
RVB,2017-09-05,12770.833333333334
RVB,2017-09-06,12258.333333333334
RVB,2017-09-07,12225
RVB,2017-09-08,11483.333333333334
RVB,2017-09-09,12304.166666666666
RVB,2017-09-10,11700
RVB,2017-09-11,11287.5
RVB,2017-09-12,11291.666666666666
RVB,2017-09-13,12495.833333333334
RVB,2017-09-14,14804.166666666666
RVB,2017-09-15,14145.833333333334
RVB,2017-09-16,12575
RVB,2017-09-17,12475
RVB,2017-09-18,14429.166666666666
RVB,2017-09-19,16666.666666666668
RVB,2017-09-20,15191.666666666666
RVB,2017-09-21,15829.166666666666
RVB,2017-09-22,14050
RVB,2017-09-23,12170.833333333334
RVB,2017-09-24,11937.5
RVB,2017-09-25,13383.333333333334
RVB,2017-09-26,15016.666666666666
RVB,2017-09-27,15712.5
RVB,2017-09-28,15095.833333333334
RVB,2017-09-29,13795.833333333334
RVB,2017-09-30,13425
RVB,2017-10-01,12658.333333333334
RVB,2017-10-02,12991.666666666666
RVB,2017-10-03,13829.166666666666
RVB,2017-10-04,14116.666666666666
RVB,2017-10-05,12554.166666666666
RVB,2017-10-06,10202.083333333334
RVB,2017-10-07,7790.416666666667
RVB,2017-10-08,9222.5
RVB,2017-10-09,8570.416666666666
RVB,2017-10-10,8678.75
RVB,2017-10-11,10987.083333333334
RVB,2017-10-12,11320.833333333334
RVB,2017-10-13,9427.083333333334
RVB,2017-10-14,7520.416666666667
RVB,2017-10-15,6556.666666666667
RVB,2017-10-16,7276.25
RVB,2017-10-17,7450
RVB,2017-10-18,6896.666666666667
RVB,2017-10-19,7628.333333333333
RVB,2017-10-20,9183.75
RVB,2017-10-21,8697.083333333334
RVB,2017-10-22,7606.666666666667
RVB,2017-10-23,6926.666666666667
RVB,2017-10-24,7885.833333333333
RVB,2017-10-25,8344.166666666666
RVB,2017-10-26,8887.5
RVB,2017-10-27,7982.083333333333
RVB,2017-10-28,6180.416666666667
RVB,2017-10-29,5577.916666666667
RVB,2017-10-30,7033.333333333333
RVB,2017-10-31,8196.25
RVB,2017-11-01,7347.5
RVB,2017-11-02,8036.666666666667
RVB,2017-11-03,6379.583333333333
RVB,2018-07-13,8174.166666666667
RVB,2018-07-14,7848.75
RVB,2018-07-15,8909.583333333334
RVB,2018-07-16,9455
RVB,2018-07-17,9543.75
RVB,2018-07-18,8540.833333333334
RVB,2018-07-19,7472.083333333333
RVB,2018-07-20,7739.166666666667
RVB,2018-07-21,8666.25
RVB,2018-07-22,9647.916666666666
RVB,2018-07-23,9188.333333333334
RVB,2018-07-24,8923.333333333334
RVB,2018-07-25,8658.75
RVB,2018-07-26,8382.5
RVB,2018-07-27,8749.166666666666
RVB,2018-07-28,9513.75
RVB,2018-07-29,9464.583333333334
RVB,2018-07-30,9465
RVB,2018-07-31,9881.25
RVB,2018-08-01,10316.666666666666
RVB,2018-08-02,10416.666666666666
RVB,2018-08-03,10416.666666666666
RVB,2018-08-04,9285
RVB,2018-08-05,9425
RVB,2018-08-06,9218.333333333334
RVB,2018-08-07,8685.416666666666
RVB,2018-08-08,9855.833333333334
RVB,2018-08-09,9849.166666666666
RVB,2018-08-10,9773.333333333334
RVB,2018-08-11,9967.083333333334
RVB,2018-08-12,9574.583333333334
RVB,2018-08-13,9772.083333333334
RVB,2018-08-14,10300
RVB,2018-08-15,10508.333333333334
RVB,2018-08-16,10450
RVB,2018-08-17,9433.75
RVB,2018-08-18,7727.916666666667
RVB,2018-08-19,7439.166666666667
RVB,2018-08-20,8384.166666666666
RVB,2018-08-21,10089.166666666666
RVB,2018-08-22,10250
RVB,2018-08-23,9980.833333333334
RVB,2018-08-24,9865
RVB,2018-08-25,9057.916666666666
RVB,2018-08-26,8788.333333333334
RVB,2018-08-27,9101.666666666666
RVB,2018-08-28,9984.583333333334
RVB,2018-08-29,10133.333333333334
RVB,2018-08-30,10079.166666666666
RVB,2018-08-31,9891.25
RVB,2018-09-01,9185.416666666666
RVB,2018-09-02,8358.333333333334
RVB,2018-09-03,8574.166666666666
RVB,2018-09-04,9127.916666666666
RVB,2018-09-05,9764.583333333334
RVB,2018-09-06,11241.666666666666
RVB,2018-09-07,10073.75
RVB,2018-09-08,9518.333333333334
RVB,2018-09-09,9755.833333333334
RVB,2018-09-10,9429.166666666666
RVB,2018-09-11,8947.5
RVB,2018-09-12,9652.916666666666
RVB,2018-09-13,9761.666666666666
RVB,2018-09-14,9243.333333333334
RVB,2018-09-15,9419.166666666666
RVB,2018-09-16,10679.166666666666
RVB,2018-09-17,9505
RVB,2018-09-18,9001.666666666666
RVB,2018-09-19,9210
RVB,2018-09-20,8420.416666666666
RVB,2018-09-21,7441.666666666667
RVB,2018-09-22,8117.083333333333
RVB,2018-09-23,8478.75
RVB,2018-09-24,8292.916666666666
RVB,2018-09-25,7939.583333333333
RVB,2018-09-26,7847.083333333333
RVB,2018-09-27,6267.083333333333
RVB,2018-09-28,7025.833333333333
RVB,2018-09-29,8743.75
RVB,2018-09-30,8480
RVB,2018-10-01,7883.333333333333
RVB,2018-10-02,7278.75
RVB,2018-10-03,7393.333333333333
RVB,2018-10-04,8302.916666666666
RVB,2018-10-05,8050.416666666667
RVB,2018-10-06,8073.333333333333
RVB,2018-10-07,7213.333333333333
RVB,2018-10-08,3994.1666666666665
RVB,2018-10-09,2017.0833333333333
RVB,2018-10-10,3785.8333333333335
RVB,2018-10-11,5774.583333333333
RVB,2018-10-12,5595.416666666667
RVB,2018-10-13,5084.166666666667
RVB,2018-10-14,7696.666666666667
RVB,2018-10-15,6763.333333333333
RVB,2018-10-16,4871.25
RVB,2018-10-17,5360.416666666667
RVB,2018-10-18,5753.75
RVB,2018-10-19,4777.083333333333
RVB,2018-10-20,3770.8333333333335
RVB,2018-10-21,4412.5
RVB,2018-10-22,5479.583333333333
RVB,2018-10-23,6279.166666666667
RVB,2018-10-24,5680.833333333333
RVB,2018-10-25,4820.416666666667
RVB,2018-10-26,3963.75
RVB,2018-10-27,3399.5833333333335
RVB,2018-10-28,5135.833333333333
RVB,2018-10-29,5707.916666666667
RVB,2018-10-30,4444.166666666667
RVB,2018-10-31,4298.75
RVB,2018-11-01,3882.0833333333335
RVB,2018-11-02,3797.9166666666665
RVB,2018-11-03,3261.25
RVB,2018-11-04,3022.9166666666665
RVB,2018-11-05,3559.5833333333335
RVB,2018-11-06,4130
RVB,2018-11-07,3924.1666666666665
RVB,2018-11-08,3815
RVB,2018-11-09,1654.4583333333333
RVB,2018-11-10,1147.4583333333333
RVB,2018-11-11,2597.5
RVB,2019-07-11,7793.333333333333
RVB,2019-07-12,7441.666666666667
RVB,2019-07-13,7475
RVB,2019-07-14,8599.166666666666
RVB,2019-07-15,8034.583333333333
RVB,2019-07-16,7640.833333333333
RVB,2019-07-17,8075
RVB,2019-07-18,6831.25
RVB,2019-07-19,7573.333333333333
RVB,2019-07-20,9474.166666666666
RVB,2019-07-21,9914.583333333334
RVB,2019-07-22,9318.75
RVB,2019-07-23,8821.25
RVB,2019-07-24,8099.166666666667
RVB,2019-07-25,6700.416666666667
RVB,2019-07-26,7220.833333333333
RVB,2019-07-27,7947.916666666667
RVB,2019-07-28,7105.833333333333
RVB,2019-07-29,8585.833333333334
RVB,2019-07-30,9011.25
RVB,2019-07-31,8496.25
RVB,2019-08-01,9264.166666666666
RVB,2019-08-02,9468.333333333334
RVB,2019-08-03,8890.416666666666
RVB,2019-08-04,9094.583333333334
RVB,2019-08-05,9051.666666666666
RVB,2019-08-06,8452.083333333334
RVB,2019-08-07,8847.5
RVB,2019-08-15,8425
RVB,2019-08-16,7677.5
RVB,2019-08-17,8949.166666666666
RVB,2019-08-18,11733.333333333334
RVB,2019-08-19,12012.5
RVB,2019-08-20,10962.5
RVB,2019-08-21,10190.416666666666
RVB,2019-08-22,8889.583333333334
RVB,2019-08-23,8779.583333333334
RVB,2019-08-24,11337.5
RVB,2019-08-25,10800
RVB,2019-08-26,9942.916666666666
RVB,2019-08-27,9165
RVB,2019-08-28,10324.166666666666
RVB,2019-08-29,12133.333333333334
RVB,2019-08-30,10727.916666666666
RVB,2019-08-31,9388.75
RVB,2019-09-01,9671.25
RVB,2019-09-02,10060.416666666666
RVB,2019-09-03,10093.333333333334
RVB,2019-09-04,9454.583333333334
RVB,2019-09-05,10575.833333333334
RVB,2019-09-06,11695.833333333334
RVB,2019-09-07,11258.333333333334
RVB,2019-09-08,12500
RVB,2019-09-09,11266.666666666666
RVB,2019-09-10,11550
RVB,2019-09-11,11166.666666666666
RVB,2019-09-12,10042.083333333334
RVB,2019-09-13,8628.75
RVB,2019-09-14,8388.75
RVB,2019-09-15,9873.75
RVB,2019-09-16,12070.833333333334
RVB,2019-09-17,10987.5
RVB,2019-09-18,10804.166666666666
RVB,2019-09-19,11962.5
RVB,2019-09-20,10904.166666666666
RVB,2019-09-21,10060.833333333334
RVB,2019-09-22,9780.416666666666
RVB,2019-09-23,10700
RVB,2019-09-24,9244.166666666666
RVB,2019-09-25,7235.833333333333
RVB,2019-09-26,6735
RVB,2019-09-27,9721.666666666666
RVB,2019-09-28,9691.666666666666
RVB,2019-09-29,9848.75
RVB,2019-09-30,9912.916666666666
RVB,2019-10-01,9382.083333333334
RVB,2019-10-02,8433.333333333334
RVB,2019-10-03,8852.083333333334
RVB,2019-10-04,10529.166666666666
RVB,2019-10-05,9667.083333333334
RVB,2019-10-06,8890.833333333334
RVB,2019-10-07,7942.916666666667
RVB,2019-10-08,7675.833333333333
RVB,2019-10-09,9542.5
RVB,2019-10-10,8233.75
RVB,2019-10-11,6105.416666666667
RVB,2019-10-12,5169.166666666667
RVB,2019-10-13,4818.333333333333
RVB,2019-10-14,5382.5
RVB,2019-10-15,5704.444444444444
RVB,2019-10-26,5332.608695652174
RVB,2019-10-27,5072.083333333333
RVB,2019-10-28,3034.5833333333335
RVB,2019-10-29,4844.166666666667
RVB,2019-10-30,5691.25
RVB,2019-10-31,4475.833333333333
RVB,2019-11-01,4123.75
RVB,2019-11-02,4947.5
RVB,2019-11-03,5365.833333333333
RVB,2019-11-04,5927.5
RVB,2019-11-05,5121.666666666667
RVB,2019-11-06,3740.4166666666665
