Year,WY.Type,Flow.Pulse.Type,Max.Daily.Ave.Net.Flow_cfs,Total.Average.Net/Volume.AF,Total.Average.Net.Volume.m3,Net.Flow.Total.Days,Monitoring.Start.Dates.Before.Action,Monitoring.End.Date.After.Action
2011,W,NF,412,22356,27575432,63,,
2012,BN,CA,723,27224,33579959,38,8/31/2012,9/25/2012
2013,D,NF,283,11437,14107235,42,7/31/2013,10/22/2013
2014,C,NF,239,2503,3087097,15,8/5/2014,10/27/2014
2015,C,NF,383,17909,22090187,42,8/3/2015,10/27/2015
2016,BN,MA-SR,546,12752,15729074,19,6/30/2016,9/13/2016
2017,W,CA,125,1022,1260724,12,6/28/2017,8/3/2017
2018,BN,MA-Ag,548,19821,24448691,30,,
2019,W,MA-Ag,750,31600,38962800,26,8/7/2019,10/16/2015
