Station,Contrast,Estimate,SE,df,t_ratio,p_value
RD22,Year_fct2014 - Year_fct2015,-6.49##,9.23##,19.8##,-0.703##,0.979##
RD22,Year_fct2014 - Year_fct2016,-7.11##,9.20##,19.8##,-0.773##,0.969##
RD22,Year_fct2014 - Year_fct2017,-8.32##,14.9##,19.8##,-0.557##,0.993##
RD22,Year_fct2014 - Year_fct2018,-5.72##,9.22##,19.8##,-0.620##,0.988##
RD22,Year_fct2014 - Year_fct2019,-6.50##,9.26##,19.8##,-0.703##,0.979##
RD22,Year_fct2015 - Year_fct2016,-0.621##,0.611##,19.8##,-1.02##,0.907##
RD22,Year_fct2015 - Year_fct2017,-1.83##,13.4##,19.8##,-0.136##,1.000##
RD22,Year_fct2015 - Year_fct2018,0.775##,0.580##,19.8##,1.34##,0.763##
RD22,Year_fct2015 - Year_fct2019,-0.0128##,0.614##,19.8##,-0.0208##,1.000##
RD22,Year_fct2016 - Year_fct2017,-1.20##,13.4##,19.8##,-0.0900##,1.000##
RD22,Year_fct2016 - Year_fct2018,1.40##,0.605##,19.8##,2.31##,0.237##
RD22,Year_fct2016 - Year_fct2019,0.608##,0.654##,19.8##,0.930##,0.934##
RD22,Year_fct2017 - Year_fct2018,2.60##,13.4##,19.8##,0.194##,1.000##
RD22,Year_fct2017 - Year_fct2019,1.81##,13.4##,19.8##,0.135##,1.000##
RD22,Year_fct2018 - Year_fct2019,-0.787##,0.621##,19.8##,-1.27##,0.799##
STTD,Year_fct2014 - Year_fct2015,2.44##,0.766##,45.8##,3.18##,0.029##
STTD,Year_fct2014 - Year_fct2016,-0.278##,0.777##,45.8##,-0.357##,0.999##
STTD,Year_fct2014 - Year_fct2017,0.502##,0.922##,45.8##,0.544##,0.994##
STTD,Year_fct2014 - Year_fct2018,1.95##,0.723##,45.8##,2.70##,0.096##
STTD,Year_fct2014 - Year_fct2019,2.99##,0.857##,45.8##,3.48##,0.013##
STTD,Year_fct2015 - Year_fct2016,-2.72##,0.581##,45.8##,-4.67##,< 0.001##
STTD,Year_fct2015 - Year_fct2017,-1.94##,0.767##,45.8##,-2.52##,0.139##
STTD,Year_fct2015 - Year_fct2018,-0.489##,0.510##,45.8##,-0.959##,0.929##
STTD,Year_fct2015 - Year_fct2019,0.548##,0.688##,45.8##,0.797##,0.967##
STTD,Year_fct2016 - Year_fct2017,0.779##,0.778##,45.8##,1.00##,0.915##
STTD,Year_fct2016 - Year_fct2018,2.23##,0.524##,45.8##,4.24##,0.001##
STTD,Year_fct2016 - Year_fct2019,3.26##,0.699##,45.8##,4.67##,< 0.001##
STTD,Year_fct2017 - Year_fct2018,1.45##,0.725##,45.8##,1.99##,0.361##
STTD,Year_fct2017 - Year_fct2019,2.48##,0.859##,45.8##,2.89##,0.061##
STTD,Year_fct2018 - Year_fct2019,1.04##,0.640##,45.8##,1.62##,0.589##
LIB,Year_fct2014 - Year_fct2015,-6.20##,8.47##,19.0##,-0.732##,0.975##
LIB,Year_fct2014 - Year_fct2016,-4.11##,8.40##,19.0##,-0.489##,0.996##
LIB,Year_fct2014 - Year_fct2017,-3.42##,8.37##,19.0##,-0.409##,0.998##
LIB,Year_fct2014 - Year_fct2018,-5.80##,8.42##,19.0##,-0.689##,0.981##
LIB,Year_fct2014 - Year_fct2019,-3.83##,8.50##,19.0##,-0.450##,0.997##
LIB,Year_fct2015 - Year_fct2016,2.09##,1.63##,19.0##,1.28##,0.794##
LIB,Year_fct2015 - Year_fct2017,2.77##,1.44##,19.0##,1.92##,0.421##
LIB,Year_fct2015 - Year_fct2018,0.394##,1.73##,19.0##,0.227##,1.000##
LIB,Year_fct2015 - Year_fct2019,2.37##,2.10##,19.0##,1.13##,0.864##
LIB,Year_fct2016 - Year_fct2017,0.686##,0.953##,19.0##,0.720##,0.977##
LIB,Year_fct2016 - Year_fct2018,-1.69##,1.35##,19.0##,-1.25##,0.807##
LIB,Year_fct2016 - Year_fct2019,0.281##,1.80##,19.0##,0.156##,1.000##
LIB,Year_fct2017 - Year_fct2018,-2.38##,1.12##,19.0##,-2.13##,0.315##
LIB,Year_fct2017 - Year_fct2019,-0.405##,1.63##,19.0##,-0.249##,1.000##
LIB,Year_fct2018 - Year_fct2019,1.97##,1.89##,19.0##,1.04##,0.897##
RVB,Year_fct2014 - Year_fct2015,6.20##,4.68##,24.4##,1.33##,0.769##
RVB,Year_fct2014 - Year_fct2016,-3.97##,3.17##,24.4##,-1.25##,0.806##
RVB,Year_fct2014 - Year_fct2017,-3.37##,3.19##,24.4##,-1.06##,0.893##
RVB,Year_fct2014 - Year_fct2018,-2.82##,3.13##,24.4##,-0.898##,0.943##
RVB,Year_fct2014 - Year_fct2019,-1.68##,3.17##,24.4##,-0.532##,0.994##
RVB,Year_fct2015 - Year_fct2016,-10.2##,3.67##,24.4##,-2.77##,0.097##
RVB,Year_fct2015 - Year_fct2017,-9.58##,3.69##,24.4##,-2.59##,0.137##
RVB,Year_fct2015 - Year_fct2018,-9.02##,3.63##,24.4##,-2.49##,0.167##
RVB,Year_fct2015 - Year_fct2019,-7.89##,3.66##,24.4##,-2.16##,0.294##
RVB,Year_fct2016 - Year_fct2017,0.597##,0.817##,24.4##,0.731##,0.976##
RVB,Year_fct2016 - Year_fct2018,1.15##,0.661##,24.4##,1.75##,0.517##
RVB,Year_fct2016 - Year_fct2019,2.29##,0.751##,24.4##,3.04##,0.055##
RVB,Year_fct2017 - Year_fct2018,0.557##,0.727##,24.4##,0.767##,0.971##
RVB,Year_fct2017 - Year_fct2019,1.69##,0.806##,24.4##,2.10##,0.322##
RVB,Year_fct2018 - Year_fct2019,1.13##,0.613##,24.4##,1.85##,0.456##
