StationCode,Date,FlowAvg
LIB,10/1/2014,401.26975
LIB,10/2/2014,-73.90033333
LIB,10/3/2014,-352.5704167
LIB,10/4/2014,-478.9305833
LIB,10/5/2014,-695.2778333
LIB,10/6/2014,-914.6839167
LIB,10/7/2014,-942.069875
LIB,10/8/2014,-939.012
LIB,10/9/2014,-848.82825
LIB,10/10/2014,-624.7507083
LIB,10/11/2014,-303.962
LIB,10/12/2014,-54.9025
LIB,10/13/2014,-853.050875
LIB,10/14/2014,-967.698125
LIB,10/15/2014,-185.687125
LIB,10/16/2014,-93.73529167
LIB,10/17/2014,-168.4155417
LIB,10/18/2014,-481.1012083
LIB,10/19/2014,-697.5673333
LIB,10/20/2014,-560.535125
LIB,10/21/2014,-285.6432083
LIB,10/22/2014,-577.9589583
LIB,10/23/2014,-501.851625
LIB,10/24/2014,-755.008875
LIB,10/25/2014,-872.0992083
LIB,10/26/2014,-208.7486667
LIB,10/27/2014,-380.0002083
LIB,10/28/2014,-488.27825
LIB,10/29/2014,-554.2435833
LIB,10/30/2014,-784.5495385
LIB,11/3/2014,-457.8645
LIB,11/4/2014,-670.8648333
LIB,11/5/2014,-900.0175
LIB,11/6/2014,-900.5690417
LIB,11/7/2014,-822.375625
LIB,11/8/2014,-781.37575
LIB,11/9/2014,-989.6840833
LIB,11/10/2014,-1059.568792
LIB,11/11/2014,-736.6647083
LIB,11/12/2014,-525.42125
LIB,11/13/2014,-465.6617917
LIB,11/14/2014,-346.2164583
LIB,11/15/2014,-58.78695833
LIB,7/1/2015,-1995
LIB,7/2/2015,-2049.583333
LIB,7/3/2015,-2042.916667
LIB,7/4/2015,-2282.5
LIB,7/5/2015,-2275.833333
LIB,7/6/2015,-1777.5
LIB,7/7/2015,-1802.5
LIB,7/8/2015,-2052.916667
LIB,7/9/2015,-1987.5
LIB,7/10/2015,-2037.916667
LIB,7/11/2015,-2103.333333
LIB,7/12/2015,-1993.75
LIB,7/13/2015,-1945
LIB,7/14/2015,-1884.166667
LIB,7/15/2015,-1924.166667
LIB,7/16/2015,-1995
LIB,7/17/2015,-1967.5
LIB,7/18/2015,-1761.666667
LIB,7/19/2015,-1355
LIB,7/20/2015,-1647.083333
LIB,7/21/2015,-2010.833333
LIB,7/22/2015,-2170.833333
LIB,7/23/2015,-1724.166667
LIB,7/24/2015,-1573.75
LIB,7/25/2015,-1776.666667
LIB,7/26/2015,-1955.833333
LIB,7/27/2015,-1773.75
LIB,7/28/2015,-1821.25
LIB,7/29/2015,-1961.25
LIB,7/30/2015,-2037.916667
LIB,7/31/2015,-2155.416667
LIB,8/1/2015,-2268.75
LIB,8/2/2015,-2171.666667
LIB,8/3/2015,-1886.25
LIB,8/4/2015,-1479.583333
LIB,8/5/2015,-1624.166667
LIB,8/6/2015,-1977.083333
LIB,8/7/2015,-2058.333333
LIB,8/8/2015,-1814.583333
LIB,8/9/2015,-1814.583333
LIB,8/10/2015,-2092.083333
LIB,8/11/2015,-1891.25
LIB,8/12/2015,-1744.166667
LIB,8/13/2015,-1710.833333
LIB,8/14/2015,-1455.416667
LIB,8/15/2015,-1435.416667
LIB,8/16/2015,-1449.166667
LIB,8/17/2015,-1710.833333
LIB,8/18/2015,-1935.416667
LIB,8/19/2015,-1816.25
LIB,8/20/2015,-1680.416667
LIB,8/21/2015,-1758.333333
LIB,8/22/2015,-1643.333333
LIB,8/23/2015,-1544.166667
LIB,8/24/2015,-1469.583333
LIB,8/25/2015,-1529.583333
LIB,8/26/2015,-1574.166667
LIB,8/27/2015,-1642.5
LIB,8/28/2015,-1937.5
LIB,8/29/2015,-1797.5
LIB,8/30/2015,-1655.416667
LIB,8/31/2015,-1700.833333
LIB,9/1/2015,-1691.25
LIB,9/2/2015,-1703.75
LIB,9/3/2015,-1694.166667
LIB,9/4/2015,-1597.083333
LIB,9/5/2015,-1187.916667
LIB,9/6/2015,-1398.333333
LIB,9/7/2015,-1487.083333
LIB,9/8/2015,-1557.5
LIB,9/9/2015,-1545.833333
LIB,9/10/2015,-1487.083333
LIB,9/11/2015,-1614.166667
LIB,9/12/2015,-1636.25
LIB,9/13/2015,-1736.25
LIB,9/14/2015,-1677.083333
LIB,9/15/2015,-1470.416667
LIB,9/16/2015,-1312.083333
LIB,9/17/2015,-1272.916667
LIB,9/18/2015,-1245.833333
LIB,9/19/2015,-1235.833333
LIB,9/20/2015,-1309.285714
LIB,9/26/2015,-1635
LIB,9/27/2015,-1773.333333
LIB,9/28/2015,-1918.75
LIB,9/29/2015,-1799.166667
LIB,9/30/2015,-1562.916667
LIB,10/1/2015,-1552.5
LIB,10/2/2015,-1598.333333
LIB,10/3/2015,-1841.25
LIB,10/4/2015,-1627.083333
LIB,10/5/2015,-1392.5
LIB,10/6/2015,-1253.75
LIB,10/7/2015,-1409.166667
LIB,10/8/2015,-1444.583333
LIB,10/9/2015,-1429.583333
LIB,10/10/2015,-1493.75
LIB,10/11/2015,-1454.166667
LIB,10/12/2015,-1533.333333
LIB,10/13/2015,-1628.333333
LIB,10/14/2015,-1795.833333
LIB,10/15/2015,-1739.583333
LIB,10/16/2015,-1708.333333
LIB,10/17/2015,-1690.833333
LIB,10/18/2015,-1443.75
LIB,10/19/2015,-1169.166667
LIB,10/20/2015,-1032.75
LIB,10/21/2015,-1354.166667
LIB,10/22/2015,-1472.5
LIB,10/23/2015,-1503.333333
LIB,10/24/2015,-1541.25
LIB,10/25/2015,-1476.666667
LIB,10/26/2015,-1478.75
LIB,10/27/2015,-1686.25
LIB,10/28/2015,-1504.166667
LIB,10/29/2015,-802.5833333
LIB,10/30/2015,-867.375
LIB,10/31/2015,-1238.333333
LIB,11/1/2015,-1115
LIB,11/2/2015,-886.7916667
LIB,11/3/2015,-492
LIB,11/4/2015,-212.0833333
LIB,11/5/2015,-593.7916667
LIB,11/6/2015,-904.75
LIB,11/7/2015,-1182.083333
LIB,11/8/2015,-1398.333333
LIB,11/9/2015,-1310
LIB,11/10/2015,-784.25
LIB,11/11/2015,-817.8333333
LIB,11/12/2015,-1169.583333
LIB,11/13/2015,-1260.416667
LIB,11/14/2015,-1582.916667
LIB,11/15/2015,-1293.041667
LIB,7/1/2016,-1879.166667
LIB,7/2/2016,-1964.166667
LIB,7/3/2016,-1723.333333
LIB,7/4/2016,-1730
LIB,7/5/2016,-1685
LIB,7/6/2016,-1280.833333
LIB,7/7/2016,-1258.75
LIB,7/8/2016,-1335.833333
LIB,7/9/2016,-1387.5
LIB,7/10/2016,-1127.5
LIB,7/11/2016,-1150.416667
LIB,7/12/2016,-1275.833333
LIB,7/13/2016,-1318.333333
LIB,7/14/2016,-1531.666667
LIB,7/15/2016,-1692.083333
LIB,7/16/2016,-1717.916667
LIB,7/17/2016,-1578.333333
LIB,7/18/2016,-1400.833333
LIB,7/19/2016,-1309.583333
LIB,7/20/2016,-1204.166667
LIB,7/21/2016,-1250.416667
LIB,7/22/2016,-1087.083333
LIB,7/23/2016,-1188.75
LIB,7/24/2016,-1222.083333
LIB,7/25/2016,-1125.833333
LIB,7/26/2016,-1165.833333
LIB,7/27/2016,-1397.083333
LIB,7/28/2016,-1410.416667
LIB,7/29/2016,-1432.083333
LIB,7/30/2016,-1603.75
LIB,7/31/2016,-1381.666667
LIB,8/1/2016,-1328.75
LIB,8/2/2016,-1298.75
LIB,8/3/2016,-1600
LIB,8/4/2016,-1728.75
LIB,8/5/2016,-1316.666667
LIB,8/6/2016,-1073.541667
LIB,8/7/2016,-914.0833333
LIB,8/8/2016,-990.0416667
LIB,8/9/2016,-1262.083333
LIB,8/10/2016,-1407.916667
LIB,8/11/2016,-1239.583333
LIB,8/12/2016,-1087.916667
LIB,8/13/2016,-1147.5
LIB,8/14/2016,-1216.666667
LIB,8/15/2016,-1236.666667
LIB,8/16/2016,-1272.5
LIB,8/17/2016,-1088.291667
LIB,8/18/2016,-1150.833333
LIB,8/19/2016,-1411.666667
LIB,8/20/2016,-1287.5
LIB,8/21/2016,-1400
LIB,8/22/2016,-1425.416667
LIB,8/23/2016,-1264.583333
LIB,8/24/2016,-1279.166667
LIB,8/25/2016,-1449.166667
LIB,8/26/2016,-1584.583333
LIB,8/27/2016,-1364.166667
LIB,8/28/2016,-1216.666667
LIB,8/29/2016,-1232.916667
LIB,8/30/2016,-1282.5
LIB,8/31/2016,-1256.25
LIB,9/1/2016,-1102.083333
LIB,9/2/2016,-1179.166667
LIB,9/3/2016,-1301.666667
LIB,9/4/2016,-1092.916667
LIB,9/5/2016,-1180.416667
LIB,9/6/2016,-1096.666667
LIB,9/7/2016,-1394.583333
LIB,9/8/2016,-1864.583333
LIB,9/9/2016,-1657.083333
LIB,9/10/2016,-1787.916667
LIB,9/11/2016,-2138.75
LIB,9/12/2016,-1888.333333
LIB,9/13/2016,-1186.208333
LIB,9/14/2016,-1004.666667
LIB,9/15/2016,-1270.833333
LIB,9/16/2016,-1369.166667
LIB,9/17/2016,-1482.916667
LIB,9/18/2016,-1511.25
LIB,9/19/2016,-1700.833333
LIB,9/20/2016,-1876.666667
LIB,9/21/2016,-1855.833333
LIB,9/22/2016,-1265.416667
LIB,9/23/2016,-1146.25
LIB,9/24/2016,-1350
LIB,9/25/2016,-1411.666667
LIB,9/26/2016,-1462.083333
LIB,9/27/2016,-1673.75
LIB,9/28/2016,-1707.083333
LIB,9/29/2016,-1852.5
LIB,9/30/2016,-1805
LIB,10/1/2016,-1345.833333
LIB,10/2/2016,-1337.5
LIB,10/3/2016,-908.9166667
LIB,10/4/2016,-1029.708333
LIB,10/5/2016,-1099.583333
LIB,10/6/2016,-1129.166667
LIB,10/7/2016,-1164.166667
LIB,10/8/2016,-1216.25
LIB,10/9/2016,-1414.166667
LIB,10/10/2016,-1500
LIB,10/14/2016,-1150.434783
LIB,10/15/2016,-1205.416667
LIB,10/16/2016,-1207.5
LIB,10/17/2016,-1021.458333
LIB,10/18/2016,-746.3333333
LIB,10/19/2016,-699.6666667
LIB,10/20/2016,-849.2083333
LIB,10/21/2016,-947
LIB,10/22/2016,-948.6666667
LIB,10/23/2016,-1048.625
LIB,10/24/2016,-1035.041667
LIB,10/25/2016,-867.2083333
LIB,10/26/2016,-882.875
LIB,10/27/2016,-791.375
LIB,10/28/2016,-812.3333333
LIB,10/29/2016,-968.2083333
LIB,10/30/2016,-1074.333333
LIB,10/31/2016,-811.7083333
LIB,11/1/2016,-693.9166667
LIB,11/2/2016,-522.125
LIB,11/3/2016,-629.5833333
LIB,11/4/2016,-673.4166667
LIB,11/5/2016,-697.1666667
LIB,11/6/2016,-555.75
LIB,11/7/2016,-453.9583333
LIB,11/8/2016,-521.1666667
LIB,11/9/2016,-614
LIB,11/10/2016,-788.1666667
LIB,11/11/2016,-897.875
LIB,11/12/2016,-861.4166667
LIB,11/13/2016,-838.3333333
LIB,11/14/2016,-940.0416667
LIB,11/15/2016,-982.4583333
LIB,7/3/2017,-1019
LIB,7/4/2017,-974.0416667
LIB,7/5/2017,-910.4583333
LIB,7/6/2017,-851.9166667
LIB,7/7/2017,-832.5833333
LIB,7/8/2017,-976.2083333
LIB,7/9/2017,-897.375
LIB,7/10/2017,-973.625
LIB,7/11/2017,-1037.875
LIB,7/12/2017,-870.8333333
LIB,7/13/2017,-729.5416667
LIB,7/14/2017,-663.9583333
LIB,7/15/2017,-564.875
LIB,7/16/2017,-674
LIB,7/17/2017,-1003.708333
LIB,7/18/2017,-1050.833333
LIB,7/19/2017,-1007.833333
LIB,7/20/2017,-1070.833333
LIB,7/21/2017,-1028.833333
LIB,7/22/2017,-988.4583333
LIB,7/23/2017,-1241.666667
LIB,7/24/2017,-1299.166667
LIB,7/25/2017,-1185.416667
LIB,7/26/2017,-1122.083333
LIB,7/27/2017,-918.5833333
LIB,7/28/2017,-916.5416667
LIB,7/29/2017,-906.7083333
LIB,7/30/2017,-1000.291667
LIB,7/31/2017,-1022.25
LIB,8/1/2017,-1015
LIB,8/2/2017,-1089.583333
LIB,8/3/2017,-1153.333333
LIB,8/4/2017,-1411.25
LIB,8/5/2017,-1755
LIB,8/6/2017,-1659.166667
LIB,8/7/2017,-1393.333333
LIB,8/8/2017,-1282.916667
LIB,8/9/2017,-1144.583333
LIB,8/10/2017,-1074.583333
LIB,8/11/2017,-1079.583333
LIB,8/12/2017,-1194.583333
LIB,8/13/2017,-1324.583333
LIB,8/14/2017,-1244.583333
LIB,8/15/2017,-1108.333333
LIB,8/16/2017,-1072.083333
LIB,8/17/2017,-1199.583333
LIB,8/18/2017,-1239.166667
LIB,8/19/2017,-1326.666667
LIB,8/20/2017,-1436.25
LIB,8/21/2017,-1441.666667
LIB,8/22/2017,-1235
LIB,8/23/2017,-1212.5
LIB,8/24/2017,-1119.75
LIB,8/25/2017,-760.4166667
LIB,8/26/2017,-670.625
LIB,8/27/2017,-766.0833333
LIB,8/28/2017,-935.0833333
LIB,8/29/2017,-971.25
LIB,8/30/2017,-666.2916667
LIB,8/31/2017,-517.2916667
LIB,9/1/2017,-759.375
LIB,9/2/2017,-906.2083333
LIB,9/3/2017,-1217.916667
LIB,9/4/2017,-1540
LIB,9/5/2017,-1417.083333
LIB,9/6/2017,-1379.166667
LIB,9/7/2017,-1029.333333
LIB,9/8/2017,-1270.833333
LIB,9/9/2017,-1155
LIB,9/10/2017,-1450.833333
LIB,9/11/2017,-1586.25
LIB,9/12/2017,-1562.083333
LIB,9/13/2017,-1581.666667
LIB,9/14/2017,-1291.25
LIB,9/15/2017,-1480
LIB,9/16/2017,-1465.416667
LIB,9/17/2017,-1372.5
LIB,9/18/2017,-1255.416667
LIB,9/19/2017,-1077.916667
LIB,9/20/2017,-1387.083333
LIB,9/21/2017,-1074.478261
LIB,9/29/2017,-921.1666667
LIB,9/30/2017,-840
LIB,10/3/2017,-892
LIB,10/4/2017,-865.1428571
LIB,10/9/2017,17.62727273
LIB,10/13/2017,-236.6666667
LIB,10/14/2017,-315.5
LIB,10/15/2017,-656.2916667
LIB,10/16/2017,-726.75
LIB,10/17/2017,-888.0833333
LIB,10/18/2017,-1104.416667
LIB,10/19/2017,-1191.666667
LIB,10/20/2017,-707.9583333
LIB,10/21/2017,-449.125
LIB,10/22/2017,-392.5833333
LIB,10/23/2017,-586.8333333
LIB,10/24/2017,-666.4166667
LIB,10/25/2017,-605.125
LIB,10/26/2017,-409.4583333
LIB,10/27/2017,-384.8333333
LIB,10/28/2017,-615.1666667
LIB,10/29/2017,-646.25
LIB,10/30/2017,-651
LIB,10/31/2017,-526.5416667
LIB,11/1/2017,-643.0416667
LIB,11/2/2017,-651.6923077
LIB,11/5/2017,-668
LIB,11/6/2017,-501.5
LIB,11/7/2017,-472.125
LIB,11/8/2017,-838.6666667
LIB,11/9/2017,-580.625
LIB,11/10/2017,-404.5416667
LIB,11/11/2017,-416.9583333
LIB,11/12/2017,-442.6666667
LIB,11/13/2017,-579.0588235
LIB,7/3/2018,-623.8333333
LIB,7/4/2018,-365.7083333
LIB,7/5/2018,-19.64666667
LIB,7/6/2018,-116.675
LIB,7/7/2018,-548.125
LIB,7/8/2018,-894.2083333
LIB,7/9/2018,-765.4583333
LIB,7/10/2018,-671.8421053
LIB,7/14/2018,-1110
LIB,7/15/2018,-995.4583333
LIB,7/16/2018,-691.6666667
LIB,7/17/2018,-386.25
LIB,7/18/2018,-354.75
LIB,7/19/2018,-680.625
LIB,7/20/2018,-733
LIB,7/21/2018,-900.875
LIB,7/22/2018,-908.0416667
LIB,7/23/2018,-719.25
LIB,7/24/2018,-584.2916667
LIB,7/25/2018,-618.4166667
LIB,7/26/2018,-953.7083333
LIB,7/27/2018,-1003.083333
LIB,7/28/2018,-765.8571429
LIB,8/3/2018,-554.7826087
LIB,8/4/2018,-658.125
LIB,8/5/2018,-672
LIB,8/12/2018,-1025
LIB,8/13/2018,-1091.666667
LIB,8/14/2018,-1085.384615
LIB,8/18/2018,-725.5
LIB,8/21/2018,-923.2
LIB,8/22/2018,-842.25
LIB,8/23/2018,-878.2916667
LIB,8/24/2018,-652.4166667
LIB,8/25/2018,-655.375
LIB,8/26/2018,-922.75
LIB,8/27/2018,-970.9583333
LIB,8/28/2018,-683.5416667
LIB,8/29/2018,-374.5833333
LIB,8/30/2018,-270.4166667
LIB,8/31/2018,-300.4583333
LIB,9/1/2018,-515.5833333
LIB,9/2/2018,-661.8333333
LIB,9/3/2018,-743.7083333
LIB,9/4/2018,-663.0833333
LIB,9/5/2018,-695.9166667
LIB,9/6/2018,-456.5416667
LIB,9/7/2018,-465.5833333
LIB,9/8/2018,-590.6666667
LIB,9/27/2018,-1003.307692
LIB,9/28/2018,-935.625
LIB,9/29/2018,-710.9166667
LIB,9/30/2018,-526.0833333
LIB,10/1/2018,-715.7083333
LIB,10/2/2018,-827.375
LIB,10/3/2018,-649.5
LIB,10/4/2018,-616
LIB,10/11/2018,-633.7692308
LIB,10/12/2018,-477.3333333
LIB,10/13/2018,-591.25
LIB,10/14/2018,-361
LIB,10/21/2018,-689
LIB,10/22/2018,-666.5909091
LIB,10/31/2018,-162
LIB,11/13/2018,63.48043478
LIB,11/14/2018,123.5291667
LIB,11/15/2018,-10.0875
LIB,7/1/2019,-935.9166667
LIB,7/2/2019,-934.25
LIB,7/3/2019,-909.1666667
LIB,7/4/2019,-821.5833333
LIB,7/5/2019,-778
LIB,7/6/2019,-821.9166667
LIB,7/7/2019,-1008.083333
LIB,7/8/2019,-917.4583333
LIB,7/9/2019,-855
LIB,7/10/2019,-894.75
LIB,7/11/2019,-890.375
LIB,7/12/2019,-927.5416667
LIB,7/13/2019,-931.0416667
LIB,7/14/2019,-861.5416667
LIB,7/15/2019,-863.2916667
LIB,7/16/2019,-904.7916667
LIB,7/17/2019,-658.8333333
LIB,7/18/2019,-821.0833333
LIB,7/19/2019,-911.0833333
LIB,7/20/2019,-770.875
LIB,7/21/2019,-534.7083333
LIB,7/22/2019,-463.6666667
LIB,7/23/2019,-769.25
LIB,7/24/2019,-631.5833333
LIB,7/25/2019,-670.625
LIB,7/26/2019,-711.5625
LIB,7/29/2019,-1260
LIB,7/30/2019,-1125
LIB,7/31/2019,-1070.833333
LIB,8/1/2019,-1117.142857
LIB,8/24/2019,-422.125
LIB,8/25/2019,-370.0833333
LIB,8/26/2019,-548.0416667
LIB,8/27/2019,-813
LIB,8/28/2019,-1160.526316
LIB,9/3/2019,-719.8181818
LIB,9/4/2019,-715
LIB,9/7/2019,-756.2
LIB,9/8/2019,-589.8333333
LIB,9/12/2019,-1034
LIB,9/13/2019,-968.3333333
LIB,9/14/2019,-980.1666667
LIB,9/15/2019,-920.6
LIB,9/18/2019,-454.3333333
LIB,9/19/2019,-136.6229167
LIB,9/20/2019,73.75416667
LIB,9/21/2019,162.285
LIB,9/22/2019,-320.6428571
LIB,10/24/2019,-543.1428571
LIB,10/25/2019,-699.1428571
LIS,7/1/2013,27.3
LIS,7/2/2013,-6.96
LIS,7/3/2013,-25.9
LIS,7/4/2013,-42.9
LIS,7/5/2013,-38.2
LIS,7/6/2013,-21.8
LIS,7/7/2013,-15.5
LIS,7/8/2013,2.56
LIS,7/9/2013,6.91
LIS,7/10/2013,-5.68
LIS,7/11/2013,-1.93
LIS,7/12/2013,-3.83
LIS,7/13/2013,-30.7
LIS,7/14/2013,-59
LIS,7/15/2013,-74.6
LIS,7/16/2013,-69.1
LIS,7/17/2013,-63.2
LIS,7/18/2013,-78.4
LIS,7/19/2013,-93.3
LIS,7/20/2013,-83
LIS,7/21/2013,-68.9
LIS,7/22/2013,-46.9
LIS,7/23/2013,-37.6
LIS,7/24/2013,-38.2
LIS,7/25/2013,-43.8
LIS,7/26/2013,-39.2
LIS,7/27/2013,-46.2
LIS,7/28/2013,-58.2
LIS,7/29/2013,-59.1
LIS,7/30/2013,-52.9
LIS,7/31/2013,-69.6
LIS,8/1/2013,-68.4
LIS,8/2/2013,-57.2
LIS,8/3/2013,-57.2
LIS,8/4/2013,-53.7
LIS,8/5/2013,-44.3
LIS,8/6/2013,-49
LIS,8/7/2013,-45.5
LIS,8/8/2013,-44
LIS,8/9/2013,-57.7
LIS,8/10/2013,-61.7
LIS,8/11/2013,-54.1
LIS,8/12/2013,-45.4
LIS,8/13/2013,-45
LIS,8/14/2013,-47.6
LIS,8/15/2013,-47.2
LIS,8/16/2013,-33
LIS,8/17/2013,-26
LIS,8/18/2013,-16.4
LIS,8/19/2013,-14.4
LIS,8/20/2013,-11.3
LIS,8/21/2013,7.75
LIS,8/22/2013,21.8
LIS,8/23/2013,31.2
LIS,8/24/2013,45.4
LIS,8/25/2013,53.4
LIS,8/26/2013,35.5
LIS,8/27/2013,25.1
LIS,8/28/2013,66.8
LIS,8/29/2013,110
LIS,8/30/2013,126
LIS,8/31/2013,132
LIS,9/1/2013,126
LIS,9/2/2013,118
LIS,9/3/2013,114
LIS,9/4/2013,111
LIS,9/5/2013,105
LIS,9/6/2013,120
LIS,9/7/2013,139
LIS,9/8/2013,148
LIS,9/9/2013,157
LIS,9/10/2013,177
LIS,9/11/2013,201
LIS,9/12/2013,212
LIS,9/13/2013,240
LIS,9/14/2013,248
LIS,9/15/2013,205
LIS,9/16/2013,186
LIS,9/17/2013,170
LIS,9/18/2013,145
LIS,9/19/2013,120
LIS,9/20/2013,111
LIS,9/21/2013,125
LIS,9/26/2013,274
LIS,9/27/2013,252
LIS,9/28/2013,211
LIS,9/29/2013,157
LIS,9/30/2013,102
LIS,10/1/2013,42.7
LIS,10/2/2013,4.84
LIS,10/3/2013,-4.39
LIS,10/4/2013,-21.1
LIS,10/5/2013,-39.4
LIS,10/6/2013,-43.1
LIS,10/7/2013,-45
LIS,10/8/2013,-50.8
LIS,10/9/2013,-59.1
LIS,10/10/2013,-36.2
LIS,10/11/2013,0.749
LIS,10/12/2013,19.9
LIS,10/13/2013,9.46
LIS,10/14/2013,-16.8
LIS,10/15/2013,-31.7
LIS,10/16/2013,-37.5
LIS,10/17/2013,-48.6
LIS,10/18/2013,-53.4
LIS,10/19/2013,-58.6
LIS,10/20/2013,-57.4
LIS,10/21/2013,-51.2
LIS,10/22/2013,-54.5
LIS,10/23/2013,-50.8
LIS,10/24/2013,-45
LIS,10/25/2013,-31.4
LIS,10/26/2013,-30.1
LIS,10/27/2013,-51.3
LIS,10/28/2013,-35.4
LIS,10/29/2013,-19.2
LIS,10/30/2013,-30.2
LIS,10/31/2013,-27
LIS,11/1/2013,-34.6
LIS,11/2/2013,-46.7
LIS,11/3/2013,-41.6
LIS,11/4/2013,-44.7
LIS,11/5/2013,-53.1
LIS,11/6/2013,-51.8
LIS,11/7/2013,-51.7
LIS,11/8/2013,-46.6
LIS,11/9/2013,-38
LIS,11/10/2013,-32.4
LIS,11/11/2013,-30.6
LIS,11/12/2013,-31
LIS,11/13/2013,-37.2
LIS,11/14/2013,-43.5
LIS,11/15/2013,-50
LIS,7/1/2014,-88
LIS,7/2/2014,-60.1
LIS,7/3/2014,-56.1
LIS,7/4/2014,-65.7
LIS,7/5/2014,-68.5
LIS,7/6/2014,-73.4
LIS,7/7/2014,-76.1
LIS,7/8/2014,-86.7
LIS,7/9/2014,-86.5
LIS,7/10/2014,-77
LIS,7/11/2014,-67.5
LIS,7/12/2014,-65.6
LIS,7/13/2014,-66.4
LIS,7/14/2014,-80.8
LIS,7/15/2014,-96.2
LIS,7/16/2014,-96.6
LIS,7/17/2014,-88.1
LIS,7/18/2014,-75.9
LIS,7/19/2014,-77.2
LIS,7/20/2014,-87.4
LIS,7/21/2014,-92.1
LIS,7/22/2014,-95.9
LIS,7/23/2014,-82.9
LIS,7/24/2014,-90
LIS,7/25/2014,-103
LIS,7/26/2014,-102
LIS,7/27/2014,-96.1
LIS,7/28/2014,-85.9
LIS,7/29/2014,-70.4
LIS,7/30/2014,-69
LIS,7/31/2014,-75.1
LIS,8/1/2014,-88.8
LIS,8/2/2014,-97
LIS,8/3/2014,-83
LIS,8/4/2014,-74.6
LIS,8/5/2014,-78.9
LIS,8/6/2014,-93.9
LIS,8/7/2014,-102
LIS,8/8/2014,-91.5
LIS,8/9/2014,-82.3
LIS,8/10/2014,-51.1
LIS,8/11/2014,-46.4
LIS,8/12/2014,-60
LIS,8/13/2014,-54.2
LIS,8/14/2014,-58.6
LIS,8/15/2014,-72.7
LIS,8/16/2014,-81.8
LIS,8/17/2014,-88.7
LIS,8/18/2014,-90.2
LIS,8/19/2014,-73.1
LIS,8/20/2014,-51.2
LIS,8/21/2014,-47.4
LIS,8/22/2014,-58.5
LIS,8/23/2014,-46.2
LIS,8/24/2014,-54.5
LIS,8/25/2014,-47.3
LIS,8/26/2014,-31.2
LIS,8/27/2014,-24.6
LIS,8/28/2014,-37.2
LIS,8/29/2014,-44.6
LIS,8/30/2014,-42
LIS,8/31/2014,-42.8
LIS,9/1/2014,-45.4
LIS,9/2/2014,-39.9
LIS,9/3/2014,-30.8
LIS,9/4/2014,-27.1
LIS,9/5/2014,-6.79
LIS,9/6/2014,3.81
LIS,9/7/2014,12.6
LIS,9/8/2014,6.28
LIS,9/9/2014,10.8
LIS,9/10/2014,10.7
LIS,9/11/2014,19.7
LIS,9/12/2014,71.1
LIS,9/13/2014,118
LIS,9/14/2014,122
LIS,9/15/2014,119
LIS,9/16/2014,160
LIS,9/17/2014,210
LIS,9/18/2014,190
LIS,9/19/2014,96.2
LIS,9/20/2014,33.3
LIS,9/21/2014,47
LIS,9/22/2014,44.3
LIS,9/23/2014,9.34
LIS,9/24/2014,-13.2
LIS,9/25/2014,-23.6
LIS,9/26/2014,-25.6
LIS,9/27/2014,-27.6
LIS,9/28/2014,-15.4
LIS,9/29/2014,-16.8
LIS,9/30/2014,-30.7
LIS,10/1/2014,-25.8
LIS,10/2/2014,-32
LIS,10/3/2014,-38.5
LIS,10/4/2014,-44.7
LIS,10/5/2014,-47.3
LIS,10/6/2014,-42.7
LIS,10/7/2014,-50.2
LIS,10/8/2014,-68.2
LIS,10/9/2014,-77.9
LIS,10/10/2014,-82.8
LIS,10/11/2014,-81
LIS,10/12/2014,-72.4
LIS,10/13/2014,-90.7
LIS,10/14/2014,-91.1
LIS,10/15/2014,-54.6
LIS,10/16/2014,-47.4
LIS,10/17/2014,-54.7
LIS,10/18/2014,-56
LIS,10/19/2014,-60.3
LIS,10/20/2014,-57.8
LIS,10/21/2014,-28.4
LIS,10/22/2014,-25.2
LIS,10/23/2014,-48.7
LIS,10/24/2014,-75.3
LIS,10/25/2014,-90.4
LIS,10/26/2014,-58.6
LIS,10/27/2014,-53.4
LIS,10/28/2014,-51.9
LIS,10/29/2014,-39
LIS,10/30/2014,-48.3
LIS,10/31/2014,-54.4
LIS,11/1/2014,-35.4
LIS,11/2/2014,-13.2
LIS,11/3/2014,-22
LIS,11/4/2014,-18.7
LIS,11/9/2014,-36.6
LIS,11/10/2014,-35.6
LIS,11/11/2014,-13.9
LIS,11/12/2014,10.2
LIS,11/13/2014,20.1
LIS,11/14/2014,14.5
LIS,11/15/2014,1.42
LIS,7/1/2015,-104
LIS,7/2/2015,-112
LIS,7/3/2015,-100
LIS,7/4/2015,-94.3
LIS,7/5/2015,-81.4
LIS,7/6/2015,-60
LIS,7/7/2015,-71.5
LIS,7/8/2015,-95.8
LIS,7/9/2015,-97.1
LIS,7/10/2015,-81.7
LIS,7/11/2015,-86.2
LIS,7/12/2015,-97.5
LIS,7/13/2015,-94
LIS,7/14/2015,-92.8
LIS,7/15/2015,-92.1
LIS,7/16/2015,-88
LIS,7/17/2015,-90.4
LIS,7/18/2015,-79.7
LIS,7/19/2015,-65.9
LIS,7/20/2015,-86.4
LIS,7/21/2015,-105
LIS,7/22/2015,-105
LIS,7/23/2015,-81.7
LIS,7/24/2015,-73.2
LIS,7/25/2015,-89.6
LIS,7/26/2015,-118
LIS,7/27/2015,-124
LIS,7/28/2015,-115
LIS,7/29/2015,-117
LIS,7/30/2015,-120
LIS,7/31/2015,-118
LIS,8/1/2015,-102
LIS,8/2/2015,-81.6
LIS,8/3/2015,-72
LIS,8/4/2015,-67
LIS,8/5/2015,-63.5
LIS,8/6/2015,-75.7
LIS,8/7/2015,-98.9
LIS,8/8/2015,-90.6
LIS,8/9/2015,-86.6
LIS,8/10/2015,-91.2
LIS,8/11/2015,-55.1
LIS,8/12/2015,4.3
LIS,8/13/2015,40.7
LIS,8/14/2015,0.864
LIS,8/15/2015,-40.2
LIS,8/16/2015,-44.3
LIS,8/17/2015,-43.9
LIS,8/18/2015,-45.4
LIS,8/19/2015,-29.7
LIS,8/20/2015,-5.73
LIS,8/21/2015,85.7
LIS,8/22/2015,215
LIS,8/23/2015,302
LIS,8/24/2015,331
LIS,8/25/2015,211
LIS,8/26/2015,80
LIS,8/27/2015,42.1
LIS,8/28/2015,88.7
LIS,8/29/2015,179
LIS,8/30/2015,209
LIS,8/31/2015,200
LIS,9/1/2015,209
LIS,9/2/2015,217
LIS,9/3/2015,204
LIS,9/4/2015,204
LIS,9/5/2015,267
LIS,9/6/2015,330
LIS,9/7/2015,336
LIS,9/8/2015,330
LIS,9/9/2015,338
LIS,9/10/2015,338
LIS,9/11/2015,351
LIS,9/12/2015,374
LIS,9/18/2015,297
LIS,9/19/2015,282
LIS,9/20/2015,254
LIS,9/21/2015,211
LIS,9/22/2015,155
LIS,9/23/2015,131
LIS,9/24/2015,121
LIS,9/25/2015,120
LIS,9/26/2015,85.7
LIS,9/27/2015,57.2
LIS,9/28/2015,42.2
LIS,9/29/2015,24.5
LIS,9/30/2015,17.4
LIS,10/1/2015,5.16
LIS,10/2/2015,-11.5
LIS,10/3/2015,-39.9
LIS,10/4/2015,-34.6
LIS,10/5/2015,-35.6
LIS,10/6/2015,-40.7
LIS,10/7/2015,-41.8
LIS,10/8/2015,-45.9
LIS,10/9/2015,-57.9
LIS,10/10/2015,-76.1
LIS,10/11/2015,-76.5
LIS,10/12/2015,-76.8
LIS,10/13/2015,-83.3
LIS,10/14/2015,-77.6
LIS,10/15/2015,-68.7
LIS,10/16/2015,-72.6
LIS,10/17/2015,-71.3
LIS,10/18/2015,-61.5
LIS,10/19/2015,-58.5
LIS,10/20/2015,-51.6
LIS,10/21/2015,-64.9
LIS,10/22/2015,-73.7
LIS,10/23/2015,-61.6
LIS,10/24/2015,-58
LIS,10/25/2015,-61.9
LIS,10/26/2015,-61.4
LIS,10/27/2015,-73.2
LIS,10/28/2015,-82.1
LIS,10/29/2015,-66.8
LIS,10/30/2015,-63.9
LIS,10/31/2015,-84.8
LIS,11/1/2015,-95.7
LIS,11/2/2015,-100
LIS,11/3/2015,-78.7
LIS,11/4/2015,-63.1
LIS,11/5/2015,-75.5
LIS,11/6/2015,-92.2
LIS,11/7/2015,-101
LIS,11/8/2015,-108
LIS,11/9/2015,-103
LIS,11/10/2015,-76.2
LIS,11/11/2015,-72.4
LIS,11/12/2015,-76.4
LIS,11/13/2015,-64.1
LIS,11/14/2015,-84.2
LIS,11/15/2015,-111
LIS,7/1/2016,-77.3
LIS,7/2/2016,-81.2
LIS,7/3/2016,-71.6
LIS,7/4/2016,-78.8
LIS,7/5/2016,-85.9
LIS,7/6/2016,-93.2
LIS,7/7/2016,-86.2
LIS,7/8/2016,-65.8
LIS,7/9/2016,-62.9
LIS,7/10/2016,-56
LIS,7/11/2016,-65
LIS,7/12/2016,-72.5
LIS,7/13/2016,-57.1
LIS,7/14/2016,51
LIS,7/15/2016,192
LIS,7/16/2016,242
LIS,7/17/2016,274
LIS,7/18/2016,315
LIS,7/19/2016,329
LIS,7/20/2016,329
LIS,7/21/2016,347
LIS,7/22/2016,367
LIS,7/23/2016,432
LIS,7/24/2016,505
LIS,7/25/2016,538
LIS,7/26/2016,524
LIS,7/27/2016,504
LIS,7/28/2016,465
LIS,7/29/2016,338
LIS,7/30/2016,215
LIS,7/31/2016,180
LIS,8/1/2016,161
LIS,8/2/2016,78
LIS,8/3/2016,-10.3
LIS,8/4/2016,-42.7
LIS,8/5/2016,-36.1
LIS,8/6/2016,-46.3
LIS,8/7/2016,-52.8
LIS,8/8/2016,-61.8
LIS,8/9/2016,-70.4
LIS,8/10/2016,-66.8
LIS,8/11/2016,-39.1
LIS,8/12/2016,-25.9
LIS,8/13/2016,-33.2
LIS,8/14/2016,-41.7
LIS,8/15/2016,-32.4
LIS,8/16/2016,-22.9
LIS,8/17/2016,-24.1
LIS,8/18/2016,-25.8
LIS,8/22/2016,-38.1
LIS,8/23/2016,-36.5
LIS,8/24/2016,-20.6
LIS,8/25/2016,-13.9
LIS,8/26/2016,-7.34
LIS,8/27/2016,13.1
LIS,8/28/2016,12.8
LIS,8/29/2016,4.34
LIS,8/30/2016,-1.26
LIS,8/31/2016,-4.9
LIS,9/1/2016,-6.94
LIS,9/2/2016,-20.7
LIS,9/3/2016,-20.3
LIS,9/4/2016,-3.45
LIS,9/5/2016,-4.48
LIS,9/6/2016,-8
LIS,9/7/2016,-4.06
LIS,9/8/2016,0.766
LIS,9/9/2016,10.7
LIS,9/10/2016,18.2
LIS,9/11/2016,16.1
LIS,9/12/2016,24.2
LIS,9/13/2016,25.1
LIS,9/14/2016,9.7
LIS,9/15/2016,2
LIS,9/16/2016,1.33
LIS,9/17/2016,29.4
LIS,9/18/2016,26.1
LIS,9/19/2016,-11.4
LIS,9/20/2016,-35.4
LIS,9/21/2016,-26.2
LIS,9/22/2016,9.75
LIS,9/23/2016,-9.71
LIS,9/24/2016,-40.7
LIS,9/25/2016,-45.2
LIS,9/26/2016,-53.9
LIS,9/27/2016,-63
LIS,9/28/2016,-58.8
LIS,9/29/2016,-31.9
LIS,9/30/2016,-9.1
LIS,10/1/2016,-13
LIS,10/2/2016,-31.9
LIS,10/3/2016,-31.8
LIS,10/4/2016,-36.1
LIS,10/5/2016,-38.4
LIS,10/6/2016,-38.9
LIS,10/7/2016,-39.6
LIS,10/8/2016,-43.7
LIS,10/9/2016,-43.7
LIS,10/10/2016,-39.4
LIS,10/11/2016,-33.7
LIS,10/12/2016,-35.6
LIS,10/13/2016,-54
LIS,10/14/2016,-60.5
LIS,10/15/2016,-62.8
LIS,10/16/2016,-54.2
LIS,10/17/2016,-21.7
LIS,10/18/2016,-12.1
LIS,10/19/2016,-26.5
LIS,10/20/2016,-37.1
LIS,10/21/2016,-35.4
LIS,10/22/2016,-31.3
LIS,10/23/2016,-23.8
LIS,10/24/2016,-26.7
LIS,10/25/2016,-24.2
LIS,10/26/2016,-23
LIS,10/27/2016,-14.8
LIS,10/28/2016,16
LIS,10/29/2016,14.7
LIS,10/30/2016,7.16
LIS,10/31/2016,25.5
LIS,11/1/2016,23.5
LIS,11/2/2016,18
LIS,11/3/2016,-3.24
LIS,11/4/2016,-17.9
LIS,11/5/2016,-18.2
LIS,11/6/2016,-13.7
LIS,11/7/2016,-20.7
LIS,11/8/2016,-32.1
LIS,11/9/2016,-37.8
LIS,11/10/2016,-30.1
LIS,11/11/2016,-11
LIS,11/12/2016,-6.68
LIS,11/13/2016,-17.4
LIS,11/14/2016,-5.9
LIS,11/15/2016,-16
LIS,7/1/2017,56.1
LIS,7/2/2017,51.3
LIS,7/3/2017,30.6
LIS,7/4/2017,14.6
LIS,7/5/2017,-3.11
LIS,7/6/2017,-26.7
LIS,7/7/2017,-41
LIS,7/8/2017,-37.6
LIS,7/9/2017,-29.2
LIS,7/10/2017,-4.97
LIS,7/11/2017,24.3
LIS,7/12/2017,50.4
LIS,7/13/2017,43.2
LIS,7/14/2017,4.53
LIS,7/15/2017,-29.2
LIS,7/16/2017,-35
LIS,7/17/2017,-39.7
LIS,7/18/2017,-49.1
LIS,7/19/2017,-45.3
LIS,7/20/2017,-41.4
LIS,7/21/2017,-41.7
LIS,7/22/2017,-20.3
LIS,7/23/2017,-20.1
LIS,7/24/2017,-13.7
LIS,7/25/2017,14.9
LIS,7/26/2017,19.8
LIS,7/27/2017,8.33
LIS,7/28/2017,-0.506
LIS,7/29/2017,-18.5
LIS,7/30/2017,-23.6
LIS,7/31/2017,-19.3
LIS,8/1/2017,-12.7
LIS,8/2/2017,-17.8
LIS,8/3/2017,-49.4
LIS,8/4/2017,-55.6
LIS,8/5/2017,-39.7
LIS,8/6/2017,-27.3
LIS,8/7/2017,-18.1
LIS,8/8/2017,-21
LIS,8/9/2017,-9.15
LIS,8/10/2017,1.83
LIS,8/11/2017,-6.42
LIS,8/12/2017,-4.97
LIS,8/13/2017,-1.12
LIS,8/14/2017,-1.38
LIS,8/15/2017,-11.5
LIS,8/16/2017,-40.2
LIS,8/17/2017,-48.8
LIS,8/18/2017,-43.4
LIS,8/19/2017,-42.8
LIS,8/20/2017,-33.7
LIS,8/21/2017,-27.4
LIS,8/22/2017,-9.98
LIS,8/23/2017,-12.1
LIS,8/24/2017,-5.92
LIS,8/25/2017,-11.6
LIS,8/26/2017,-34.7
LIS,8/27/2017,-36.7
LIS,8/28/2017,-29.7
LIS,8/29/2017,-2.31
LIS,8/30/2017,7.64
LIS,8/31/2017,-10.1
LIS,9/1/2017,-19.5
LIS,9/2/2017,-19.9
LIS,9/3/2017,-32.3
LIS,9/4/2017,-36.1
LIS,9/5/2017,-14.3
LIS,9/6/2017,-20.9
LIS,9/7/2017,-19
LIS,9/8/2017,-1.05
LIS,9/9/2017,27.8
LIS,9/10/2017,43.7
LIS,9/11/2017,70.9
LIS,9/12/2017,111
LIS,9/13/2017,108
LIS,9/14/2017,116
LIS,9/15/2017,81.4
LIS,9/16/2017,48.2
LIS,9/17/2017,58
LIS,9/18/2017,4.9
LIS,9/19/2017,-54.6
LIS,9/20/2017,-75.1
LIS,9/21/2017,-67.3
LIS,9/22/2017,-57.5
LIS,9/23/2017,-66.4
LIS,9/24/2017,-75
LIS,9/25/2017,-72.6
LIS,9/26/2017,-70.3
LIS,9/27/2017,-62.3
LIS,9/28/2017,-50.5
LIS,9/29/2017,-50.7
LIS,9/30/2017,-52.1
LIS,10/1/2017,-44.8
LIS,10/2/2017,-59.4
LIS,10/3/2017,-84.3
LIS,10/4/2017,-82.8
LIS,10/5/2017,-78
LIS,10/6/2017,-70.5
LIS,10/7/2017,-61.5
LIS,10/8/2017,-46.2
LIS,10/9/2017,-51.6
LIS,10/10/2017,-71.8
LIS,10/11/2017,-69.2
LIS,10/12/2017,-58.8
LIS,10/13/2017,-58.4
LIS,10/14/2017,-61
LIS,10/15/2017,-63.7
LIS,10/16/2017,-71
LIS,10/17/2017,-70
LIS,10/18/2017,-56.9
LIS,10/19/2017,-47.8
LIS,10/20/2017,-37.1
LIS,10/21/2017,-35.9
LIS,10/22/2017,-36.2
LIS,10/23/2017,-49.4
LIS,10/24/2017,-63.4
LIS,10/25/2017,-72.5
LIS,10/26/2017,-73
LIS,10/27/2017,-63.4
LIS,10/28/2017,-61.4
LIS,10/29/2017,-67.5
LIS,10/30/2017,-62.7
LIS,10/31/2017,-27.8
LIS,11/1/2017,-29.8
LIS,11/2/2017,-29.7
LIS,11/3/2017,-30.1
LIS,11/4/2017,-37.2
LIS,11/5/2017,-19.3
LIS,11/6/2017,-2.5
LIS,11/7/2017,-0.0406
LIS,11/8/2017,-15.2
LIS,11/9/2017,-1.59
LIS,11/10/2017,14.1
LIS,11/11/2017,4
LIS,11/12/2017,-11.8
LIS,11/13/2017,-25.3
LIS,11/14/2017,-36.3
LIS,11/15/2017,-40.4
LIS,7/1/2018,-95.7
LIS,7/2/2018,-76.4
LIS,7/3/2018,-70.6
LIS,7/7/2018,-76.2
LIS,7/8/2018,-79.6
LIS,7/9/2018,-73
LIS,7/10/2018,-72.1
LIS,7/11/2018,-70.5
LIS,7/12/2018,-77.9
LIS,7/13/2018,-79.6
LIS,7/14/2018,-88.9
LIS,7/15/2018,-80.1
LIS,7/16/2018,-69.3
LIS,7/17/2018,-76.2
LIS,7/18/2018,-84.8
LIS,7/19/2018,-91.7
LIS,7/20/2018,-102
LIS,7/21/2018,-107
LIS,7/22/2018,-96.8
LIS,7/23/2018,-89.2
LIS,7/24/2018,-103
LIS,7/25/2018,-102
LIS,7/26/2018,-108
LIS,7/27/2018,-107
LIS,7/28/2018,-99.8
LIS,7/29/2018,-98.6
LIS,7/30/2018,-94.7
LIS,7/31/2018,-88.1
LIS,8/1/2018,-79
LIS,8/2/2018,-78.3
LIS,8/3/2018,-78.1
LIS,8/4/2018,-81.2
LIS,8/5/2018,-79.9
LIS,8/6/2018,-77.7
LIS,8/7/2018,-80.6
LIS,8/8/2018,-70.3
LIS,8/9/2018,-73
LIS,8/10/2018,-71.8
LIS,8/11/2018,-75.6
LIS,8/12/2018,-71.3
LIS,8/13/2018,-65.1
LIS,8/14/2018,-64.7
LIS,8/15/2018,-62.4
LIS,8/16/2018,-60
LIS,8/17/2018,-61.6
LIS,8/18/2018,-75.8
LIS,8/19/2018,-89.9
LIS,8/20/2018,-96.4
LIS,8/21/2018,-89.4
LIS,8/22/2018,-73.7
LIS,8/23/2018,-70.2
LIS,8/24/2018,-51.5
LIS,8/25/2018,-45
LIS,8/26/2018,-45.6
LIS,8/27/2018,-1.8
LIS,8/28/2018,153
LIS,8/29/2018,269
LIS,8/30/2018,305
LIS,8/31/2018,320
LIS,9/1/2018,311
LIS,9/2/2018,296
LIS,9/3/2018,282
LIS,9/4/2018,279
LIS,9/5/2018,337
LIS,9/6/2018,424
LIS,9/7/2018,463
LIS,9/8/2018,445
LIS,9/9/2018,408
LIS,9/10/2018,395
LIS,9/11/2018,395
LIS,9/12/2018,408
LIS,9/13/2018,444
LIS,9/14/2018,457
LIS,9/15/2018,487
LIS,9/16/2018,531
LIS,9/17/2018,492
LIS,9/18/2018,440
LIS,9/19/2018,387
LIS,9/20/2018,326
LIS,9/21/2018,282
LIS,9/22/2018,244
LIS,9/23/2018,178
LIS,9/24/2018,109
LIS,9/25/2018,72.5
LIS,9/26/2018,21
LIS,9/27/2018,-38.6
LIS,9/28/2018,-63.1
LIS,9/29/2018,-50.9
LIS,9/30/2018,-47.7
LIS,10/1/2018,-52.8
LIS,10/2/2018,-66.3
LIS,10/3/2018,-74.3
LIS,10/4/2018,-78.9
LIS,10/5/2018,-82.4
LIS,10/6/2018,-84.7
LIS,10/7/2018,-68.3
LIS,10/8/2018,-81.3
LIS,10/9/2018,-98.2
LIS,10/10/2018,-93.4
LIS,10/11/2018,-85
LIS,10/16/2018,-75.6
LIS,10/17/2018,-66.2
LIS,10/18/2018,-67.8
LIS,10/19/2018,-37.9
LIS,10/20/2018,-4.67
LIS,10/21/2018,-9.69
LIS,10/22/2018,-11.7
LIS,10/23/2018,-13.8
LIS,10/24/2018,-11.6
LIS,10/25/2018,-12
LIS,10/26/2018,-9.72
LIS,10/27/2018,-7.83
LIS,10/28/2018,-17.6
LIS,10/29/2018,-42.4
LIS,10/30/2018,-33.4
LIS,10/31/2018,-28.3
LIS,11/1/2018,-16
LIS,11/2/2018,-0.219
LIS,11/3/2018,-11
LIS,11/4/2018,-25
LIS,11/5/2018,-21.8
LIS,11/6/2018,-21.1
LIS,11/7/2018,-24.3
LIS,11/8/2018,-22.4
LIS,11/9/2018,-48.8
LIS,11/10/2018,-70.5
LIS,11/11/2018,-76.3
LIS,11/12/2018,-60.7
LIS,11/13/2018,-48.3
LIS,11/14/2018,-49.4
LIS,11/15/2018,-46.5
LIS,7/5/2019,-38.5
LIS,7/6/2019,-27.5
LIS,7/7/2019,-6.19
LIS,7/8/2019,31.3
LIS,7/9/2019,42.3
LIS,7/10/2019,17.2
LIS,7/19/2019,-37.2
LIS,7/20/2019,-33.5
LIS,7/21/2019,-19
LIS,7/22/2019,-6.99
LIS,7/23/2019,-6.18
LIS,7/24/2019,-33.9
LIS,7/25/2019,-62.1
LIS,7/26/2019,-70.7
LIS,7/27/2019,-70.8
LIS,8/1/2019,-53.1
LIS,8/2/2019,-43.5
LIS,8/3/2019,-35.4
LIS,8/4/2019,-34
LIS,8/5/2019,-34.3
LIS,8/6/2019,-36.8
LIS,8/7/2019,-43.5
LIS,8/8/2019,-57.4
LIS,8/9/2019,-54.7
LIS,8/10/2019,-51.9
LIS,8/11/2019,-44.7
LIS,8/12/2019,-29.7
LIS,8/13/2019,-34.7
LIS,8/14/2019,-43.5
LIS,8/15/2019,-49.5
LIS,8/16/2019,-68.7
LIS,8/17/2019,-75.4
LIS,8/18/2019,-46
LIS,8/19/2019,-20.5
LIS,8/20/2019,-11
LIS,8/21/2019,-9.89
LIS,8/22/2019,-28.6
LIS,8/23/2019,-22.8
LIS,8/24/2019,-5.84
LIS,8/25/2019,-3.79
LIS,8/26/2019,-2.09
LIS,8/27/2019,127
LIS,8/28/2019,328
LIS,8/29/2019,498
LIS,8/30/2019,573
LIS,8/31/2019,579
LIS,9/1/2019,599
LIS,9/2/2019,605
LIS,9/3/2019,581
LIS,9/4/2019,598
LIS,9/5/2019,661
LIS,9/6/2019,697
LIS,9/7/2019,664
LIS,9/8/2019,655
LIS,9/9/2019,668
LIS,9/10/2019,663
LIS,9/11/2019,663
LIS,9/12/2019,674
LIS,9/13/2019,656
LIS,9/14/2019,648
LIS,9/15/2019,654
LIS,9/16/2019,647
LIS,9/17/2019,624
LIS,9/18/2019,635
LIS,9/19/2019,562
LIS,9/20/2019,400
LIS,9/21/2019,187
LIS,9/22/2019,75.6
LIS,9/23/2019,37.9
LIS,9/24/2019,-7.37
LIS,9/25/2019,-10.9
LIS,9/26/2019,7.34
LIS,9/27/2019,39.6
LIS,9/28/2019,61.9
LIS,9/29/2019,64.5
LIS,9/30/2019,42.8
LIS,10/1/2019,18.6
LIS,10/2/2019,-19.6
LIS,10/3/2019,-37.5
LIS,10/4/2019,-38.6
LIS,10/5/2019,-37.6
LIS,10/6/2019,-25.8
LIS,10/7/2019,-25.4
LIS,10/8/2019,-32.9
LIS,10/9/2019,-18.7
LIS,10/10/2019,0.381
LIS,10/11/2019,-13.7
LIS,10/12/2019,-48.3
LIS,10/13/2019,-71.7
LIS,10/14/2019,-76.1
LIS,10/15/2019,-78
LIS,10/16/2019,-88.7
LIS,10/17/2019,-92.2
LIS,10/18/2019,-68.8
LIS,10/19/2019,-47.9
LIS,10/20/2019,-38.9
LIS,10/21/2019,-39.4
LIS,10/22/2019,-50.1
LIS,10/23/2019,-52.2
LIS,10/24/2019,-57.2
LIS,10/25/2019,-68.2
LIS,10/26/2019,-60.9
LIS,10/27/2019,-30.4
LIS,10/28/2019,-56.5
LIS,10/29/2019,-38.3
LIS,10/30/2019,-26.2
LIS,10/31/2019,-38.6
LIS,11/1/2019,-51.4
LIS,11/2/2019,-59.6
LIS,11/3/2019,-66.5
LIS,11/4/2019,-62.9
LIS,11/5/2019,-57.1
LIS,11/6/2019,-59.8
LIS,11/7/2019,-60.1
LIS,11/8/2019,-49
LIS,11/9/2019,-35.1
LIS,11/10/2019,-33.6
LIS,11/11/2019,-31.5
LIS,11/12/2019,-58.3
LIS,11/13/2019,-108
LIS,11/14/2019,-113
LIS,11/15/2019,-85.6
RCS,7/1/2013,149.2604167
RCS,7/2/2013,143.6875
RCS,7/3/2013,176.2916667
RCS,7/4/2013,140.8125
RCS,7/5/2013,133.84375
RCS,7/6/2013,169.46875
RCS,7/7/2013,143.6666667
RCS,7/8/2013,149.9270833
RCS,7/9/2013,168.34375
RCS,7/10/2013,141.0215054
RCS,7/11/2013,171.8333333
RCS,7/12/2013,131.7916667
RCS,7/13/2013,154.65625
RCS,7/14/2013,118.5
RCS,7/15/2013,128.90625
RCS,7/16/2013,149.40625
RCS,7/17/2013,160.90625
RCS,7/18/2013,167.1041667
RCS,7/19/2013,166.375
RCS,7/20/2013,154.4479167
RCS,7/21/2013,118.1145833
RCS,7/22/2013,130.1
RCS,8/8/2013,128.0344828
RCS,8/9/2013,168.1354167
RCS,8/10/2013,127.875
RCS,8/11/2013,143.8541667
RCS,8/12/2013,134.1666667
RCS,8/13/2013,103.8333333
RCS,8/14/2013,157.15625
RCS,8/15/2013,141.6458333
RCS,8/16/2013,152.53125
RCS,8/17/2013,146.1354167
RCS,8/18/2013,135.125
RCS,8/19/2013,112.3020833
RCS,8/20/2013,137.7708333
RCS,8/21/2013,198.1145833
RCS,8/22/2013,174
RCS,8/23/2013,163.1770833
RCS,8/24/2013,152.3020833
RCS,8/25/2013,136.8125
RCS,8/26/2013,111.0416667
RCS,8/27/2013,137.2895833
RCS,8/28/2013,101.5
RCS,8/29/2013,142.71875
RCS,8/30/2013,103.6666667
RCS,8/31/2013,137.9895833
RCS,9/1/2013,109.7291667
RCS,9/2/2013,108.8333333
RCS,9/3/2013,138.6631579
RCS,9/4/2013,161.875
RCS,9/5/2013,146.3958333
RCS,9/6/2013,123.71875
RCS,9/7/2013,98.01041667
RCS,9/8/2013,102.6145833
RCS,9/9/2013,110.3229167
RCS,9/10/2013,138.1041667
RCS,9/11/2013,121.0416667
RCS,9/12/2013,102.38125
RCS,9/13/2013,109.6770833
RCS,9/14/2013,112.0833333
RCS,9/15/2013,94.4375
RCS,9/16/2013,111.4479167
RCS,9/17/2013,96.34375
RCS,9/18/2013,83.64583333
RCS,9/19/2013,72.57291667
RCS,9/20/2013,73.53125
RCS,9/21/2013,98.628125
RCS,9/22/2013,72.79166667
RCS,9/23/2013,157.3645833
RCS,9/24/2013,298.5416667
RCS,9/25/2013,278.875
RCS,9/26/2013,227.5833333
RCS,9/27/2013,189.53125
RCS,9/28/2013,157.9411765
RCS,10/26/2013,146.0215054
RCS,10/27/2013,104.3854167
RCS,10/28/2013,69.64583333
RCS,10/29/2013,44.11458333
RCS,10/30/2013,23.85104167
RCS,10/31/2013,13.67604167
RCS,11/1/2013,35.240625
RCS,11/2/2013,29.21041667
RCS,11/3/2013,24.140625
RCS,11/4/2013,38.07708333
RCS,11/5/2013,87.93617021
RCS,11/6/2013,45.36458333
RCS,11/7/2013,59.20833333
RCS,11/8/2013,81.66354167
RCS,11/9/2013,31.7875
RCS,11/10/2013,57.54895833
RCS,11/11/2013,32.40625
RCS,11/12/2013,45.14895833
RCS,11/13/2013,53.41666667
RCS,11/14/2013,53.14583333
RCS,11/15/2013,58.03229167
RCS,7/1/2014,74.31978022
RCS,7/2/2014,76.15789474
RCS,7/3/2014,24.22916667
RCS,7/4/2014,26.70568182
RCS,7/5/2014,54.31666667
RCS,7/6/2014,46.08229167
RCS,7/7/2014,49.73958333
RCS,7/8/2014,28.34166667
RCS,7/9/2014,67.14583333
RCS,7/10/2014,77.10416667
RCS,7/11/2014,71.55434783
RCS,7/12/2014,88.11458333
RCS,7/13/2014,63.56666667
RCS,7/14/2014,45.03888889
RCS,7/15/2014,68.62083333
RCS,7/16/2014,43.45625
RCS,7/17/2014,105.84375
RCS,7/18/2014,51.30833333
RCS,7/19/2014,94.92708333
RCS,7/20/2014,48.67604167
RCS,7/21/2014,44.58723404
RCS,7/22/2014,48.83125
RCS,7/23/2014,86.91666667
RCS,7/24/2014,43.32916667
RCS,7/25/2014,67.76041667
RCS,7/26/2014,86.22916667
RCS,7/27/2014,92.25
RCS,7/28/2014,85.84375
RCS,7/29/2014,40.23958333
RCS,7/30/2014,61.11684211
RCS,7/31/2014,40.27362637
RCS,8/1/2014,45.89784946
RCS,8/2/2014,54.225
RCS,8/3/2014,73.98958333
RCS,8/4/2014,48.8125
RCS,8/5/2014,50.02083333
RCS,8/6/2014,50.434375
RCS,8/7/2014,65.14736842
RCS,8/8/2014,68.1875
RCS,8/9/2014,63.42708333
RCS,8/10/2014,54.47604167
RCS,8/11/2014,58.58645833
RCS,8/12/2014,43.603125
RCS,8/13/2014,52.99791667
RCS,8/14/2014,64.79166667
RCS,8/15/2014,66.53125
RCS,8/16/2014,46.184375
RCS,8/17/2014,64.64583333
RCS,8/18/2014,69.91666667
RCS,8/19/2014,111.1875
RCS,8/20/2014,85.86458333
RCS,8/21/2014,90.55208333
RCS,8/22/2014,36.8125
RCS,8/23/2014,43.94583333
RCS,8/24/2014,47.01041667
RCS,8/25/2014,54.41666667
RCS,8/26/2014,65.95833333
RCS,8/27/2014,42.85208333
RCS,8/28/2014,56.9375
RCS,8/29/2014,64.11458333
RCS,8/30/2014,77.39583333
RCS,8/31/2014,78.22916667
RCS,9/1/2014,74.26041667
RCS,9/2/2014,80.25
RCS,9/3/2014,113.3541667
RCS,9/4/2014,114.15625
RCS,9/5/2014,104.3125
RCS,9/6/2014,93.41666667
RCS,9/7/2014,101.1354167
RCS,9/8/2014,89.91666667
RCS,9/9/2014,108.4479167
RCS,9/10/2014,109.8333333
RCS,9/11/2014,103.1666667
RCS,9/12/2014,146.09375
RCS,9/13/2014,123.0416667
RCS,9/14/2014,127.21875
RCS,9/15/2014,110.8229167
RCS,9/16/2014,131.8229167
RCS,9/17/2014,111.5104167
RCS,9/18/2014,121.6666667
RCS,9/19/2014,132.2083333
RCS,9/20/2014,126.21875
RCS,9/21/2014,112.4270833
RCS,9/22/2014,119.25
RCS,9/23/2014,112.5833333
RCS,9/24/2014,95.40625
RCS,9/25/2014,124.3229167
RCS,9/26/2014,81.79166667
RCS,9/27/2014,69.41666667
RCS,9/28/2014,78.92708333
RCS,9/29/2014,84.76041667
RCS,9/30/2014,76.41666667
RCS,10/1/2014,69.10416667
RCS,10/2/2014,72.41666667
RCS,10/3/2014,69.30208333
RCS,10/4/2014,68.28125
RCS,10/5/2014,78.25
RCS,10/6/2014,80.08333333
RCS,10/7/2014,63.77083333
RCS,10/8/2014,59.94791667
RCS,10/9/2014,79.52083333
RCS,10/10/2014,67.70833333
RCS,10/11/2014,60.25
RCS,10/12/2014,64.85416667
RCS,10/13/2014,75.96875
RCS,10/14/2014,55.79166667
RCS,10/15/2014,51.89583333
RCS,10/16/2014,54.69791667
RCS,10/17/2014,47.13541667
RCS,10/18/2014,30.290625
RCS,10/19/2014,35.42435897
RCS,10/26/2014,101.8813559
RCS,10/27/2014,115.7395833
RCS,10/28/2014,96.55208333
RCS,10/29/2014,81.35416667
RCS,10/30/2014,67.0625
RCS,10/31/2014,46.771875
RCS,11/1/2014,53.28333333
RCS,11/2/2014,62.82291667
RCS,11/3/2014,44.40729167
RCS,11/4/2014,73.21875
RCS,11/5/2014,74.509375
RCS,11/6/2014,53.69791667
RCS,11/7/2014,36.39583333
RCS,11/8/2014,55.30208333
RCS,11/9/2014,55.80208333
RCS,11/10/2014,51.91666667
RCS,11/11/2014,44.53125
RCS,11/12/2014,51.01041667
RCS,11/13/2014,71.39583333
RCS,11/14/2014,66.73958333
RCS,11/15/2014,47.20833333
RCS,8/7/2015,263.859375
RCS,8/8/2015,217.1458333
RCS,8/9/2015,175.5208333
RCS,8/10/2015,161.71875
RCS,8/11/2015,174.96875
RCS,8/12/2015,75.265625
RCS,8/13/2015,202.7708333
RCS,8/14/2015,157.6770833
RCS,8/15/2015,130.84375
RCS,8/16/2015,133.15625
RCS,8/17/2015,142.84375
RCS,8/18/2015,136.25
RCS,8/19/2015,121.3020833
RCS,8/20/2015,242.375
RCS,8/21/2015,459.7083333
RCS,8/22/2015,560.3333333
RCS,8/23/2015,616.0833333
RCS,8/24/2015,120.946875
RCS,8/25/2015,225.8333333
RCS,8/26/2015,234.4791667
RCS,8/27/2015,244.46875
RCS,8/28/2015,315.53125
RCS,8/29/2015,352.7708333
RCS,8/30/2015,338.4270833
RCS,8/31/2015,384.2708333
RCS,9/1/2015,390.4791667
RCS,9/2/2015,387.6666667
RCS,9/3/2015,391.8526316
RCS,9/4/2015,419.2291667
RCS,9/5/2015,431.9166667
RCS,9/6/2015,437.7395833
RCS,9/7/2015,432.09375
RCS,9/8/2015,429.3541667
RCS,9/9/2015,445.7291667
RCS,9/10/2015,451.8541667
RCS,9/11/2015,444.34375
RCS,9/12/2015,441.5729167
RCS,9/13/2015,436.7395833
RCS,9/14/2015,434.1875
RCS,9/15/2015,418.8125
RCS,9/16/2015,395.0833333
RCS,9/17/2015,370.9375
RCS,9/18/2015,341.9479167
RCS,9/19/2015,317.9895833
RCS,9/20/2015,293.8229167
RCS,9/21/2015,259.7291667
RCS,9/22/2015,200.5520833
RCS,9/23/2015,188.59375
RCS,9/24/2015,175.2916667
RCS,9/25/2015,148.1041667
RCS,9/26/2015,122.0833333
RCS,9/27/2015,109.8333333
RCS,9/28/2015,99.39285714
RCS,11/11/2015,47.86956522
RCS,11/12/2015,32.57291667
RCS,11/13/2015,-0.904210526
RCS,11/14/2015,-6.759340659
RCS,11/15/2015,23.728125
RCS,7/12/2016,182
RCS,7/13/2016,266.6041667
RCS,7/14/2016,378.7395833
RCS,7/15/2016,438.5520833
RCS,7/16/2016,471.8333333
RCS,7/17/2016,472.5104167
RCS,7/18/2016,482.15625
RCS,7/19/2016,506.4895833
RCS,7/20/2016,504.8645833
RCS,7/21/2016,476.8229167
RCS,7/22/2016,505.7708333
RCS,7/23/2016,478.4479167
RCS,7/24/2016,507.0833333
RCS,7/25/2016,489.6979167
RCS,7/26/2016,467.5
RCS,7/27/2016,455.2708333
RCS,7/28/2016,396.96875
RCS,7/29/2016,189.5958333
RCS,7/30/2016,149.9270833
RCS,7/31/2016,141.7916667
RCS,8/1/2016,174.75
RCS,8/2/2016,99.92708333
RCS,8/3/2016,76.28125
RCS,8/4/2016,109.28125
RCS,8/5/2016,102.3854167
RCS,8/6/2016,92.71875
RCS,8/7/2016,87.21875
RCS,8/8/2016,123.2604167
RCS,8/9/2016,104.7916667
RCS,8/10/2016,87.92708333
RCS,8/11/2016,114.6145833
RCS,8/12/2016,91.52083333
RCS,8/13/2016,86.63541667
RCS,8/14/2016,114.0520833
RCS,8/15/2016,80.4375
RCS,8/16/2016,42.68229167
RCS,8/17/2016,40.64479167
RCS,8/18/2016,78.36145833
RCS,8/19/2016,99.39583333
RCS,8/20/2016,91.02083333
RCS,8/21/2016,86.82291667
RCS,8/22/2016,81.52083333
RCS,8/23/2016,88.71875
RCS,8/24/2016,79.61458333
RCS,8/25/2016,56.95833333
RCS,8/26/2016,89.26041667
RCS,8/27/2016,93.96875
RCS,8/28/2016,65.98958333
RCS,8/29/2016,31.22708333
RCS,8/30/2016,77.69791667
RCS,8/31/2016,108.1041667
RCS,9/1/2016,78.89583333
RCS,9/2/2016,111.4270833
RCS,9/3/2016,79.91666667
RCS,9/4/2016,74.80208333
RCS,9/5/2016,81.92708333
RCS,9/6/2016,78.26041667
RCS,9/7/2016,84.08333333
RCS,9/8/2016,98.75
RCS,9/9/2016,81.51041667
RCS,9/10/2016,67.72916667
RCS,9/11/2016,101.2604167
RCS,9/12/2016,94.86458333
RCS,9/13/2016,100.7708333
RCS,9/14/2016,66.48958333
RCS,9/15/2016,4.29375
RCS,9/16/2016,43.13541667
RCS,9/17/2016,51.22916667
RCS,9/18/2016,46.29166667
RCS,9/19/2016,43.76145833
RCS,9/20/2016,64.13541667
RCS,9/21/2016,47.72916667
RCS,9/22/2016,20.671875
RCS,9/23/2016,37.87916667
RCS,9/24/2016,56.79166667
RCS,9/25/2016,28.890625
RCS,9/26/2016,25.62947368
RCS,9/27/2016,56.30526316
RCS,9/28/2016,21.63333333
RCS,9/29/2016,17.91578947
RCS,9/30/2016,6.358333333
RCS,10/1/2016,7.052083333
RCS,10/2/2016,16.303125
RCS,10/3/2016,26.17604167
RCS,10/4/2016,16.00208333
RCS,10/5/2016,8.586458333
RCS,10/6/2016,7.290625
RCS,10/7/2016,-2.930434783
RCS,10/8/2016,3.959493671
RCS,10/9/2016,6.638095238
RCS,10/10/2016,8.469230769
RCS,10/11/2016,11.83076923
RCS,10/25/2016,94.5
RCS,10/26/2016,152.2857143
RCS,10/27/2016,64.375
RCS,10/28/2016,-90.35263158
RCS,11/7/2016,239.0689655
RCS,11/8/2016,66.19791667
RCS,11/9/2016,9.958333333
RCS,11/10/2016,5.842708333
RCS,11/11/2016,32.17916667
RCS,11/12/2016,48.18854167
RCS,11/13/2016,29
RCS,11/14/2016,8.890625
RCS,11/15/2016,45.42083333
RCS,7/1/2017,60.45057471
RCS,7/2/2017,33.37912088
RCS,7/3/2017,39.78275862
RCS,7/4/2017,34.73555556
RCS,7/5/2017,20.86145833
RCS,7/6/2017,21.91770833
RCS,7/7/2017,21.83548387
RCS,7/8/2017,28.90106383
RCS,7/9/2017,60.27659574
RCS,7/10/2017,53.31276596
RCS,7/11/2017,101.4892473
RCS,7/12/2017,94.04583333
RCS,7/13/2017,32.04285714
RCS,7/14/2017,13.334375
RCS,7/15/2017,47.03020833
RCS,7/16/2017,40.62291667
RCS,7/17/2017,27.97083333
RCS,7/18/2017,15.58229167
RCS,7/19/2017,28.14791667
RCS,7/20/2017,20.82340426
RCS,7/21/2017,34.73020833
RCS,7/22/2017,9.192708333
RCS,7/23/2017,28.63645833
RCS,7/24/2017,24.37252747
RCS,7/25/2017,29.20104167
RCS,7/26/2017,20.57916667
RCS,7/27/2017,34.05833333
RCS,7/28/2017,16.06428571
RCS,7/29/2017,36.98229167
RCS,7/30/2017,25.77916667
RCS,7/31/2017,52.78125
RCS,8/1/2017,32.996875
RCS,8/2/2017,38.73854167
RCS,8/3/2017,24.11145833
RCS,8/4/2017,14.25416667
RCS,8/5/2017,41.153125
RCS,8/6/2017,29.79583333
RCS,8/7/2017,40.840625
RCS,8/8/2017,40.35520833
RCS,8/9/2017,34.20729167
RCS,8/10/2017,29.840625
RCS,8/11/2017,53.625
RCS,8/12/2017,24.82708333
RCS,8/13/2017,12.94895833
RCS,8/14/2017,41.39270833
RCS,8/15/2017,31.084375
RCS,8/16/2017,12.80631579
RCS,8/17/2017,41.08958333
RCS,8/18/2017,29.36354167
RCS,8/19/2017,33.340625
RCS,8/20/2017,13.47553191
RCS,8/21/2017,32.77291667
RCS,8/22/2017,60.9875
RCS,8/23/2017,30.92021277
RCS,8/24/2017,53.67083333
RCS,8/25/2017,71.60416667
RCS,8/26/2017,41.803125
RCS,8/27/2017,32.03229167
RCS,8/28/2017,60.41666667
RCS,8/29/2017,68.27083333
RCS,8/30/2017,81.59375
RCS,8/31/2017,62.64583333
RCS,9/1/2017,57.0625
RCS,9/2/2017,41.11875
RCS,9/3/2017,41.86458333
RCS,9/4/2017,39.84583333
RCS,9/5/2017,40.746875
RCS,9/6/2017,60.96875
RCS,9/7/2017,36.01979167
RCS,9/8/2017,41.33333333
RCS,9/9/2017,66.13541667
RCS,9/10/2017,40.03645833
RCS,9/11/2017,12.19791667
RCS,9/12/2017,38.959375
RCS,9/13/2017,28.68854167
RCS,9/14/2017,23.521875
RCS,9/15/2017,25.92708333
RCS,9/16/2017,18.83125
RCS,9/17/2017,30.34270833
RCS,9/18/2017,23.11875
RCS,9/19/2017,21.07708333
RCS,9/20/2017,17.79583333
RCS,9/21/2017,23.93645833
RCS,9/22/2017,15.13541667
RCS,9/23/2017,11.67395833
RCS,9/24/2017,10.92395833
RCS,9/25/2017,17.78645833
RCS,9/26/2017,10.16354167
RCS,9/27/2017,12.48021978
RCS,9/28/2017,17.06736842
RCS,9/29/2017,18.86041667
RCS,9/30/2017,23.12446809
RCS,10/1/2017,21.70833333
RCS,10/2/2017,11.621875
RCS,10/3/2017,21.67291667
RCS,10/4/2017,5.328235294
RCS,10/5/2017,10.70729167
RCS,10/6/2017,2.853164557
RCS,10/7/2017,6.491578947
RCS,10/8/2017,19.82083333
RCS,10/9/2017,8.9375
RCS,10/10/2017,0.457303371
RCS,10/11/2017,4.023529412
RCS,10/12/2017,4.0875
RCS,10/13/2017,0
RCS,10/24/2017,40.16666667
RCS,10/25/2017,46.54285714
RCS,10/26/2017,24.65777778
RCS,10/27/2017,13.23417722
RCS,10/28/2017,23.19705882
RCS,10/29/2017,51
RCS,10/30/2017,73.95833333
RCS,10/31/2017,65.73958333
RCS,11/1/2017,63.48958333
RCS,11/2/2017,44.33333333
RCS,11/3/2017,44.51041667
RCS,11/4/2017,53.69791667
RCS,11/5/2017,41.98958333
RCS,11/6/2017,26.62604167
RCS,11/7/2017,37.39479167
RCS,11/8/2017,34.875
RCS,11/9/2017,34.47395833
RCS,11/10/2017,33.95833333
RCS,11/11/2017,33.17395833
RCS,11/12/2017,37.66666667
RCS,11/13/2017,32.94791667
RCS,11/14/2017,12.86666667
RCS,11/15/2017,40.65625
RCS,7/8/2018,63
RCS,7/9/2018,90.69791667
RCS,7/10/2018,113.5416667
RCS,7/11/2018,125.6041667
RCS,7/12/2018,97.64583333
RCS,7/13/2018,80.42708333
RCS,7/14/2018,108.0208333
RCS,7/15/2018,106.125
RCS,7/16/2018,106.3333333
RCS,7/17/2018,73.14583333
RCS,7/18/2018,78.77083333
RCS,7/19/2018,146.40625
RCS,7/20/2018,127.7083333
RCS,7/21/2018,107.6041667
RCS,7/22/2018,110.375
RCS,7/23/2018,132.8020833
RCS,7/24/2018,95.71875
RCS,7/25/2018,85.41666667
RCS,7/26/2018,86.35416667
RCS,7/27/2018,80.55208333
RCS,7/28/2018,97.82291667
RCS,7/29/2018,94.70833333
RCS,7/30/2018,96.16842105
RCS,7/31/2018,102.09375
RCS,8/1/2018,89.03125
RCS,8/2/2018,97.13541667
RCS,8/3/2018,129.6041667
RCS,8/4/2018,110.8854167
RCS,8/5/2018,104.4166667
RCS,8/6/2018,97.0875
RCS,8/7/2018,134.6770833
RCS,8/8/2018,132.21875
RCS,8/9/2018,102.5416667
RCS,8/10/2018,88.01041667
RCS,8/11/2018,85.41666667
RCS,8/12/2018,80.44791667
RCS,8/13/2018,88.82291667
RCS,8/14/2018,84.51041667
RCS,8/15/2018,82.17708333
RCS,8/16/2018,82.69791667
RCS,8/17/2018,77.94791667
RCS,8/18/2018,86.91666667
RCS,8/19/2018,84.89583333
RCS,8/20/2018,72.26041667
RCS,8/21/2018,79.35416667
RCS,8/22/2018,84.98958333
RCS,8/23/2018,78.78125
RCS,8/24/2018,95.41666667
RCS,8/25/2018,108.1979167
RCS,8/26/2018,97.65625
RCS,8/27/2018,331.875
RCS,8/28/2018,488.9479167
RCS,8/29/2018,493.1041667
RCS,8/30/2018,505.4791667
RCS,8/31/2018,508.4583333
RCS,9/1/2018,490.9479167
RCS,9/2/2018,466.28125
RCS,9/3/2018,427.25
RCS,9/4/2018,544.96875
RCS,9/5/2018,576.2083333
RCS,9/6/2018,579.7291667
RCS,9/7/2018,578.53125
RCS,9/8/2018,557.59375
RCS,9/9/2018,518.03125
RCS,9/10/2018,510.4375
RCS,9/11/2018,518.1354167
RCS,9/12/2018,524.15625
RCS,9/13/2018,500.40625
RCS,9/14/2018,499.9375
RCS,9/15/2018,498.1145833
RCS,9/16/2018,503.2291667
RCS,9/17/2018,491.7291667
RCS,9/18/2018,464.625
RCS,9/19/2018,418.1979167
RCS,9/20/2018,381.28125
RCS,9/21/2018,328.7083333
RCS,9/22/2018,283.3020833
RCS,9/23/2018,225.3229167
RCS,9/24/2018,179.875
RCS,9/25/2018,98.44791667
RCS,9/26/2018,44.66315789
RCS,9/27/2018,39.67553191
RCS,9/28/2018,35.20104167
RCS,9/29/2018,41.50520833
RCS,9/30/2018,7.859375
RCS,10/1/2018,49.13541667
RCS,10/2/2018,21.34479167
RCS,10/3/2018,20.815625
RCS,10/4/2018,5.838541667
RCS,10/5/2018,21.04574468
RCS,10/6/2018,11.96458333
RCS,10/7/2018,13.11458333
RCS,10/8/2018,4.6875
RCS,10/9/2018,6.133333333
RCS,10/10/2018,0.8375
RCS,10/11/2018,1.536956522
RCS,10/12/2018,5.522916667
RCS,10/13/2018,8.528125
RCS,10/14/2018,25.32291667
RCS,10/15/2018,10.50947368
RCS,10/16/2018,2.602197802
RCS,10/17/2018,5.144262295
RCS,10/18/2018,5.695744681
RCS,10/19/2018,4.935416667
RCS,10/20/2018,2.979166667
RCS,10/21/2018,4.20106383
RCS,10/22/2018,10.690625
RCS,10/23/2018,17.66875
RCS,10/24/2018,6.358333333
RCS,10/25/2018,2.610752688
RCS,10/26/2018,4.905208333
RCS,10/27/2018,14.86736842
RCS,10/28/2018,51.61458333
RCS,10/29/2018,83.64583333
RCS,10/30/2018,24.49166667
RCS,10/31/2018,7.382291667
RCS,11/1/2018,28.39789474
RCS,11/2/2018,19.52947368
RCS,11/3/2018,7.884375
RCS,11/4/2018,17.88125
RCS,11/5/2018,23.26875
RCS,11/6/2018,6.509375
RCS,11/7/2018,31.72708333
RCS,11/8/2018,14.20520833
RCS,11/9/2018,9.538297872
RCS,11/10/2018,11.52708333
RCS,11/11/2018,16.46354167
RCS,11/12/2018,19.021875
RCS,11/13/2018,1.373958333
RCS,11/14/2018,21.33020833
RCS,11/15/2018,41.5505618
RCS,7/1/2019,58.02291667
RCS,7/2/2019,17.959375
RCS,7/3/2019,21.046875
RCS,7/4/2019,37.66666667
RCS,7/5/2019,5.596875
RCS,7/6/2019,-0.740625
RCS,7/7/2019,-8.063541667
RCS,7/8/2019,-7.188541667
RCS,7/9/2019,12.515625
RCS,7/10/2019,25.8875
RCS,7/11/2019,24.75520833
RCS,7/12/2019,33.65833333
RCS,7/13/2019,-0.426315789
RCS,7/14/2019,16.23229167
RCS,7/15/2019,30.978125
RCS,7/16/2019,19.13225806
RCS,7/17/2019,36.60212766
RCS,7/18/2019,29.62083333
RCS,7/19/2019,26.30842105
RCS,7/20/2019,33.77291667
RCS,7/21/2019,14.70520833
RCS,7/22/2019,5.696875
RCS,7/23/2019,20.13723404
RCS,7/24/2019,32.25052632
RCS,7/25/2019,11.54166667
RCS,7/26/2019,37.253125
RCS,7/27/2019,21.21041667
RCS,7/28/2019,19.8
RCS,7/29/2019,2.825
RCS,7/30/2019,15.59791667
RCS,7/31/2019,10.39479167
RCS,8/1/2019,37.69583333
RCS,8/2/2019,24.62083333
RCS,8/3/2019,18.15729167
RCS,8/4/2019,19.54375
RCS,8/5/2019,57.46666667
RCS,8/6/2019,36.60833333
RCS,8/7/2019,42.98958333
RCS,8/8/2019,50.44791667
RCS,8/9/2019,26.39166667
RCS,8/10/2019,38.13958333
RCS,8/11/2019,45.02083333
RCS,8/12/2019,24.778125
RCS,8/13/2019,16.6
RCS,8/14/2019,28.1375
RCS,8/15/2019,26.66875
RCS,8/16/2019,16.72291667
RCS,8/17/2019,14.98020833
RCS,8/18/2019,50.278125
RCS,8/19/2019,21.56145833
RCS,8/20/2019,47.38854167
RCS,8/21/2019,0.472916667
RCS,8/22/2019,38.071875
RCS,8/23/2019,48.54270833
RCS,8/24/2019,42.29166667
RCS,8/25/2019,35.40625
RCS,8/26/2019,235.5
RCS,8/27/2019,466.90625
RCS,8/28/2019,587.1354167
RCS,8/29/2019,670.8958333
RCS,8/30/2019,646.3020833
RCS,8/31/2019,649.9375
RCS,9/1/2019,647.9375
RCS,9/2/2019,651.5833333
RCS,9/3/2019,710.0208333
RCS,9/4/2019,722.9583333
RCS,9/5/2019,752.7604167
RCS,9/6/2019,739.2395833
RCS,9/7/2019,721.1354167
RCS,9/8/2019,678.71875
RCS,9/9/2019,664.6666667
RCS,9/10/2019,636.2916667
RCS,9/11/2019,646.28125
RCS,9/12/2019,647.8404255
RCS,9/13/2019,629.4479167
RCS,9/14/2019,627.7395833
RCS,9/15/2019,608.46875
RCS,9/16/2019,597.0208333
RCS,9/17/2019,614.9270833
RCS,9/18/2019,604.1979167
RCS,9/19/2019,473.03125
RCS,9/20/2019,213.7083333
RCS,9/21/2019,59.4375
RCS,9/22/2019,51.14583333
RCS,9/23/2019,19.76875
RCS,9/24/2019,55.853125
RCS,9/25/2019,43.26354167
RCS,9/26/2019,54.85263158
RCS,9/27/2019,63.09375
RCS,9/28/2019,44.46041667
RCS,9/29/2019,19.10416667
RCS,9/30/2019,50.07604167
RCS,10/1/2019,9.852083333
RCS,10/2/2019,43.29166667
RCS,10/3/2019,36.33645833
RCS,10/4/2019,39.01354167
RCS,10/5/2019,31.8
RCS,10/6/2019,26.72083333
RCS,10/7/2019,28.62083333
RCS,10/8/2019,16.67096774
RCS,10/9/2019,52.74583333
RCS,10/10/2019,45.171875
RCS,10/11/2019,6.032291667
RCS,10/12/2019,-14.025
RCS,10/13/2019,-11.184375
RCS,10/14/2019,-10.52708333
RCS,10/15/2019,-10.23541667
RCS,10/16/2019,-14.74895833
RCS,10/17/2019,-4.152083333
RCS,10/18/2019,-4.324719101
RCS,10/19/2019,7.014736842
RCS,10/20/2019,22.23263158
RCS,10/21/2019,25.81052632
RCS,10/22/2019,8.228
RCS,10/23/2019,7.801052632
RCS,10/24/2019,18.946875
RCS,10/25/2019,12.08243243
RCS,10/26/2019,28.41219512
RCS,10/27/2019,23.19479167
RCS,10/28/2019,90.05208333
RCS,10/29/2019,48.42708333
RCS,10/30/2019,15.940625
RCS,10/31/2019,25.259375
RCS,11/1/2019,19.94891304
RCS,11/2/2019,25.79021739
RCS,11/3/2019,24.83606557
RCS,11/4/2019,19.43369565
RCS,11/5/2019,39.29791667
RCS,11/6/2019,29.82916667
RCS,11/7/2019,26.03229167
RCS,11/8/2019,15.03958333
RCS,11/9/2019,37.76041667
RCS,11/10/2019,68.01041667
RCS,11/11/2019,86.603125
RCS,11/12/2019,38.984375
RCS,11/13/2019,37.615625
RCS,11/14/2019,15.49468085
RCS,11/15/2019,14.42842105
RD22,9/30/2014,45.4
RD22,10/1/2014,44.965625
RD22,10/2/2014,47.34895833
RD22,10/3/2014,49.43958333
RD22,10/4/2014,49.71666667
RD22,10/5/2014,51.58541667
RD22,10/6/2014,52.47083333
RD22,10/7/2014,53.51666667
RD22,10/8/2014,53.80729167
RD22,10/9/2014,53.93020833
RD22,10/10/2014,54.46041667
RD22,10/11/2014,53.65104167
RD22,10/12/2014,49.91145833
RD22,10/13/2014,51.440625
RD22,10/14/2014,53.74791667
RD22,10/15/2014,55.54375
RD22,10/16/2014,57.87291667
RD22,10/17/2014,59.75729167
RD22,10/18/2014,55.12083333
RD22,10/19/2014,53.13958333
RD22,10/20/2014,55.084375
RD22,10/21/2014,63.39375
RD22,10/22/2014,62.14791667
RD22,10/23/2014,55.89270833
RD22,10/24/2014,53.42083333
RD22,10/25/2014,51.82083333
RD22,10/26/2014,50.490625
RD22,10/27/2014,52.75
RD22,10/28/2014,55.72395833
RD22,10/29/2014,56.75416667
RD22,10/30/2014,58.08333333
RD22,10/31/2014,57.834375
RD22,11/1/2014,58.571875
RD22,11/2/2014,55.24479167
RD22,11/3/2014,54.99583333
RD22,11/4/2014,55.55104167
RD22,11/5/2014,56.33229167
RD22,11/6/2014,53.68125
RD22,11/7/2014,52.07083333
RD22,11/8/2014,49.26041667
RD22,11/9/2014,47.86145833
RD22,11/10/2014,48.03958333
RD22,11/11/2014,50.03645833
RD22,11/12/2014,52.15416667
RD22,11/13/2014,53.06770833
RD22,11/14/2014,49.19270833
RD22,11/15/2014,46.33645833
RD22,7/1/2015,10.78958333
RD22,7/2/2015,12.67708333
RD22,7/3/2015,12.940625
RD22,7/4/2015,12.08958333
RD22,7/5/2015,14.00416667
RD22,7/6/2015,24.97708333
RD22,7/7/2015,23.05104167
RD22,7/8/2015,23.56770833
RD22,7/9/2015,22.325
RD22,7/10/2015,18.753125
RD22,7/11/2015,22.015625
RD22,7/12/2015,22.09583333
RD22,7/13/2015,25.18229167
RD22,7/14/2015,21.46979167
RD22,7/15/2015,16.59479167
RD22,7/16/2015,15.06875
RD22,7/17/2015,16.54479167
RD22,7/18/2015,16.73125
RD22,7/19/2015,15.57291667
RD22,7/20/2015,15.1375
RD22,7/21/2015,15.04166667
RD22,7/22/2015,14.296875
RD22,7/23/2015,13.62291667
RD22,7/24/2015,13.534375
RD22,7/25/2015,12.88958333
RD22,7/26/2015,11.95416667
RD22,7/27/2015,11.5875
RD22,7/28/2015,11.41666667
RD22,7/29/2015,10.80416667
RD22,7/30/2015,11.5125
RD22,7/31/2015,12.01666667
RD22,8/1/2015,12.45833333
RD22,8/2/2015,12.5
RD22,8/3/2015,11.82916667
RD22,8/4/2015,12.18125
RD22,8/5/2015,11.15416667
RD22,8/6/2015,18.37239583
RD22,8/7/2015,39.7787234
RD22,8/8/2015,46.490625
RD22,8/9/2015,49.80416667
RD22,8/10/2015,70.73125
RD22,8/11/2015,109.63125
RD22,8/12/2015,144.6145833
RD22,8/13/2015,102.6677083
RD22,8/14/2015,53.89375
RD22,8/15/2015,63.80208333
RD22,8/16/2015,55.35625
RD22,8/17/2015,56.14895833
RD22,8/18/2015,59.44583333
RD22,8/19/2015,79.66041667
RD22,8/20/2015,110.7354167
RD22,8/21/2015,335.4583333
RD22,8/22/2015,460.4479167
RD22,8/23/2015,612.1041667
RD22,8/24/2015,625.9583333
RD22,8/25/2015,168.40625
RD22,8/26/2015,107.5416667
RD22,8/27/2015,157.2291667
RD22,8/28/2015,287.3645833
RD22,8/29/2015,340.40625
RD22,8/30/2015,303.4166667
RD22,8/31/2015,310.96875
RD22,9/1/2015,365.1770833
RD22,9/2/2015,395.5208333
RD22,9/3/2015,399.9166667
RD22,9/4/2015,425.1875
RD22,9/5/2015,528.25
RD22,9/6/2015,543.8333333
RD22,9/7/2015,544.65625
RD22,9/8/2015,546.5
RD22,9/9/2015,546.8020833
RD22,9/10/2015,550.8854167
RD22,9/11/2015,539.28125
RD22,9/12/2015,511.25
RD22,9/13/2015,503.9895833
RD22,9/14/2015,497.3645833
RD22,9/15/2015,489.8229167
RD22,9/16/2015,468.5625
RD22,9/17/2015,414.7604167
RD22,9/18/2015,388.15625
RD22,9/19/2015,343.4479167
RD22,9/20/2015,293.8645833
RD22,9/21/2015,219.28125
RD22,9/22/2015,130.6458333
RD22,9/23/2015,134.3333333
RD22,9/24/2015,125.6041667
RD22,9/25/2015,109.6875
RD22,9/26/2015,85.03333333
RD22,9/27/2015,81.821875
RD22,9/28/2015,74.728125
RD22,9/29/2015,65.87708333
RD22,9/30/2015,56.23958333
RD22,10/1/2015,54.125
RD22,10/2/2015,47.35520833
RD22,10/3/2015,34.64166667
RD22,10/4/2015,28.79166667
RD22,10/5/2015,24.85416667
RD22,10/6/2015,22.59583333
RD22,10/7/2015,22.01979167
RD22,10/8/2015,20.42708333
RD22,10/9/2015,19.53020833
RD22,10/10/2015,20.22708333
RD22,10/11/2015,18.31458333
RD22,10/12/2015,18.159375
RD22,10/13/2015,15.52708333
RD22,10/14/2015,14.15729167
RD22,10/15/2015,12.30520833
RD22,10/16/2015,10.53302083
RD22,10/17/2015,7.7503125
RD22,10/18/2015,5.15125
RD22,10/19/2015,4.060416667
RD22,10/20/2015,4.736041667
RD22,10/21/2015,5.658645833
RD22,10/22/2015,5.787395833
RD22,10/23/2015,5.419166667
RD22,10/24/2015,5.00125
RD22,10/25/2015,4.623125
RD22,10/26/2015,4.416666667
RD22,10/27/2015,4.507291667
RD22,10/28/2015,4.407916667
RD22,10/29/2015,4.42125
RD22,10/30/2015,5.255520833
RD22,10/31/2015,5.905208333
RD22,11/1/2015,6.2421875
RD22,11/2/2015,7.331458333
RD22,11/3/2015,6.9103125
RD22,11/4/2015,6.016354167
RD22,11/5/2015,5.3153125
RD22,11/6/2015,5.564895833
RD22,11/7/2015,5.742708333
RD22,11/8/2015,6.2184375
RD22,11/9/2015,6.7478125
RD22,11/10/2015,7.327916667
RD22,11/11/2015,8.389791667
RD22,11/12/2015,9.2715625
RD22,11/13/2015,9.950625
RD22,11/14/2015,10.20677083
RD22,11/15/2015,11.44375
RD22,7/1/2016,39.22916667
RD22,7/2/2016,33.921875
RD22,7/3/2016,27.94166667
RD22,7/4/2016,23.97916667
RD22,7/5/2016,24.78645833
RD22,7/6/2016,32.58315789
RD22,7/7/2016,39.07083333
RD22,7/8/2016,41.859375
RD22,7/9/2016,44.73020833
RD22,7/10/2016,46.58854167
RD22,7/11/2016,51.28333333
RD22,7/12/2016,57.18958333
RD22,7/13/2016,87.09583333
RD22,7/14/2016,212.7916667
RD22,7/15/2016,285.75
RD22,7/16/2016,319.09375
RD22,7/17/2016,377.0104167
RD22,7/18/2016,392.7395833
RD22,7/19/2016,418.7395833
RD22,7/20/2016,451.7291667
RD22,7/21/2016,448.875
RD22,7/22/2016,451.21875
RD22,7/23/2016,562.34375
RD22,7/24/2016,592.75
RD22,7/25/2016,621.0416667
RD22,7/26/2016,591.1145833
RD22,7/27/2016,575.5
RD22,7/28/2016,521.5208333
RD22,7/29/2016,327.8541667
RD22,7/30/2016,187.1041667
RD22,7/31/2016,168.4895833
RD22,8/1/2016,139.5145833
RD22,8/2/2016,34.55789474
RD22,8/3/2016,29.55520833
RD22,8/4/2016,30.009375
RD22,8/5/2016,31.190625
RD22,8/6/2016,32.240625
RD22,8/7/2016,33.540625
RD22,8/8/2016,40.35208333
RD22,8/9/2016,48.58333333
RD22,8/10/2016,53.79166667
RD22,8/11/2016,51.72395833
RD22,8/12/2016,51.009375
RD22,8/13/2016,49.734375
RD22,8/14/2016,47.80520833
RD22,8/15/2016,46.3375
RD22,8/16/2016,43.70208333
RD22,8/17/2016,41.0125
RD22,8/18/2016,39.871875
RD22,8/19/2016,39.54375
RD22,8/20/2016,37.328125
RD22,8/21/2016,36.425
RD22,8/22/2016,37.80520833
RD22,8/23/2016,39.996875
RD22,8/24/2016,42.69583333
RD22,8/25/2016,44.11979167
RD22,8/26/2016,48.03854167
RD22,8/27/2016,42.61770833
RD22,8/28/2016,37.121875
RD22,8/29/2016,32.91145833
RD22,8/30/2016,30.40625
RD22,8/31/2016,30.69130435
RD22,9/1/2016,31.28125
RD22,9/2/2016,32.33020833
RD22,9/3/2016,35.225
RD22,9/4/2016,36.634375
RD22,9/5/2016,37.16875
RD22,9/6/2016,39.02604167
RD22,9/7/2016,38.14166667
RD22,9/8/2016,39.38958333
RD22,9/9/2016,41.89166667
RD22,9/10/2016,49.746875
RD22,9/11/2016,44.25520833
RD22,9/12/2016,41.2875
RD22,9/13/2016,38.9
RD22,9/14/2016,36.803125
RD22,9/15/2016,35.203125
RD22,9/16/2016,46.28541667
RD22,9/17/2016,58.07916667
RD22,9/18/2016,32.684375
RD22,9/19/2016,29.95208333
RD22,9/20/2016,36.975
RD22,9/21/2016,56.25104167
RD22,9/22/2016,56.0625
RD22,9/23/2016,34.171875
RD22,9/24/2016,33.184375
RD22,9/25/2016,34.259375
RD22,9/26/2016,34.78125
RD22,9/27/2016,35.3125
RD22,9/28/2016,39.7125
RD22,9/29/2016,51.04166667
RD22,9/30/2016,55.83229167
RD22,10/1/2016,48.16770833
RD22,10/2/2016,39.53020833
RD22,10/3/2016,36.928125
RD22,10/4/2016,35.175
RD22,10/5/2016,34.76875
RD22,10/6/2016,37.03854167
RD22,10/7/2016,36.31145833
RD22,10/8/2016,38.921875
RD22,10/9/2016,41.35625
RD22,10/10/2016,42.56041667
RD22,10/11/2016,40.615625
RD22,10/12/2016,36.12291667
RD22,10/13/2016,31.78020833
RD22,10/14/2016,30.98125
RD22,10/15/2016,27.80208333
RD22,10/16/2016,25.35104167
RD22,10/17/2016,23.221875
RD22,10/18/2016,20.671875
RD22,10/19/2016,17.71354167
RD22,10/20/2016,14.54791667
RD22,10/21/2016,11.840625
RD22,10/22/2016,12.15104167
RD22,10/23/2016,12.103125
RD22,10/24/2016,13.22604167
RD22,10/25/2016,12.81875
RD22,10/26/2016,11.99270833
RD22,10/27/2016,17.4375
RD22,10/28/2016,23.7875
RD22,10/29/2016,26.0875
RD22,10/30/2016,27.278125
RD22,10/31/2016,28.38541667
RD22,11/1/2016,30.4
RD22,11/2/2016,29.44166667
RD22,11/3/2016,27.05416667
RD22,11/4/2016,24.82604167
RD22,11/5/2016,22.49270833
RD22,11/6/2016,20.74270833
RD22,11/7/2016,21.29166667
RD22,11/8/2016,20.87604167
RD22,11/9/2016,20.534375
RD22,11/10/2016,19.73541667
RD22,11/11/2016,19.359375
RD22,11/12/2016,19.71041667
RD22,11/13/2016,21
RD22,11/14/2016,23.71354167
RD22,11/15/2016,28.73125
RD22,7/1/2017,28.67083333
RD22,7/2/2017,28.06458333
RD22,7/3/2017,27.94583333
RD22,7/4/2017,27.74479167
RD22,7/5/2017,27.4875
RD22,7/6/2017,27.259375
RD22,7/7/2017,28.25520833
RD22,7/8/2017,30.42916667
RD22,7/9/2017,27.91979167
RD22,7/10/2017,36.84166667
RD22,7/11/2017,46.71041667
RD22,7/12/2017,49.89270833
RD22,7/13/2017,27.8875
RD22,7/14/2017,27.128125
RD22,7/15/2017,26.70625
RD22,7/16/2017,26.09270833
RD22,7/17/2017,26.94270833
RD22,7/18/2017,25.85520833
RD22,7/19/2017,26.29375
RD22,7/20/2017,27.278125
RD22,7/21/2017,27.01770833
RD22,7/22/2017,25.53541667
RD22,7/23/2017,24.77291667
RD22,7/24/2017,24.01041667
RD22,7/25/2017,24.41354167
RD22,7/26/2017,25.40208333
RD22,7/27/2017,25.40833333
RD22,7/28/2017,25.103125
RD22,7/29/2017,25.28333333
RD22,7/30/2017,24.73333333
RD22,7/31/2017,24.115625
RD22,8/1/2017,23.10208333
RD22,8/2/2017,23.946875
RD22,8/3/2017,24.89791667
RD22,8/4/2017,26.778125
RD22,8/5/2017,25.01666667
RD22,8/6/2017,24.72708333
RD22,8/7/2017,23.11354167
RD22,8/8/2017,22.275
RD22,8/9/2017,21.34895833
RD22,8/10/2017,21.221875
RD22,8/11/2017,21.059375
RD22,8/12/2017,21.746875
RD22,8/13/2017,20.80625
RD22,8/14/2017,19.08645833
RD22,8/15/2017,19.02916667
RD22,8/16/2017,17.6875
RD22,8/17/2017,16.5
RD22,8/18/2017,16.00208333
RD22,8/19/2017,17.5125
RD22,8/20/2017,18.85833333
RD22,8/21/2017,16.753125
RD22,8/22/2017,17.15729167
RD22,8/23/2017,16.82083333
RD22,8/24/2017,16.39270833
RD22,8/25/2017,16.39375
RD22,8/26/2017,17.55520833
RD22,8/27/2017,16.865625
RD22,8/28/2017,16.18333333
RD22,8/29/2017,16.19375
RD22,8/30/2017,15.990625
RD22,8/31/2017,16.165625
RD22,9/1/2017,26.509375
RD22,9/2/2017,15.703125
RD22,9/3/2017,15.16458333
RD22,9/4/2017,14.57291667
RD22,9/5/2017,16.43854167
RD22,9/6/2017,17.30520833
RD22,9/7/2017,15.99895833
RD22,9/8/2017,16.25869565
RD22,9/9/2017,19.4
RD22,9/10/2017,20.45
RD22,9/11/2017,21
RD22,9/12/2017,20.4
RD22,9/13/2017,20.7
RD22,9/14/2017,20.975
RD22,9/15/2017,15.6369863
RD22,9/16/2017,13.16176471
RD22,9/17/2017,17.4125
RD22,9/18/2017,18.7375
RD22,9/19/2017,14.67323944
RD22,9/20/2017,13.09583333
RD22,9/21/2017,13.121875
RD22,9/22/2017,14.921875
RD22,9/23/2017,13.94166667
RD22,9/24/2017,13.30625
RD22,9/25/2017,12.75208333
RD22,9/26/2017,12.26666667
RD22,9/27/2017,11.97708333
RD22,9/28/2017,12.1125
RD22,9/29/2017,11.634375
RD22,9/30/2017,10.05489583
RD22,10/1/2017,8.7575
RD22,10/2/2017,8.347916667
RD22,10/3/2017,8.267916667
RD22,10/4/2017,8.35625
RD22,10/5/2017,7.592604167
RD22,10/6/2017,6.90875
RD22,10/7/2017,6.343020833
RD22,10/8/2017,5.681458333
RD22,10/9/2017,5.171875
RD22,10/10/2017,4.953125
RD22,10/11/2017,4.556354167
RD22,10/12/2017,4.706875
RD22,10/13/2017,5.105416667
RD22,10/14/2017,5.143020833
RD22,10/15/2017,5.71
RD22,10/16/2017,6.663854167
RD22,10/17/2017,8.184270833
RD22,10/18/2017,10.62104167
RD22,10/19/2017,11.67291667
RD22,10/20/2017,13.01145833
RD22,10/21/2017,14.07395833
RD22,10/22/2017,13.02291667
RD22,10/23/2017,10.879375
RD22,10/24/2017,7.843125
RD22,10/25/2017,5.715729167
RD22,10/26/2017,4.630833333
RD22,10/27/2017,4.323541667
RD22,10/28/2017,3.744166667
RD22,10/29/2017,3.300625
RD22,10/30/2017,3.391354167
RD22,10/31/2017,6.055416667
RD22,11/1/2017,11.31260417
RD22,11/2/2017,17.196875
RD22,11/3/2017,20.37708333
RD22,11/4/2017,23.3125
RD22,11/5/2017,25.15729167
RD22,11/6/2017,26.11875
RD22,11/7/2017,26.61875
RD22,11/8/2017,27.85729167
RD22,11/9/2017,29.725
RD22,11/10/2017,29.615625
RD22,11/11/2017,28.965625
RD22,11/12/2017,29.328125
RD22,11/13/2017,31.51875
RD22,11/14/2017,36.03645833
RD22,11/15/2017,40.16875
RD22,7/1/2018,26.81666667
RD22,7/2/2018,23.91041667
RD22,7/3/2018,24.46145833
RD22,7/4/2018,23.23157895
RD22,7/5/2018,21.553125
RD22,7/6/2018,21.140625
RD22,7/7/2018,20.64
RD22,7/8/2018,20.42234043
RD22,7/9/2018,21.165625
RD22,7/10/2018,21.053125
RD22,7/11/2018,19.98020833
RD22,7/12/2018,17.81145833
RD22,7/13/2018,18.15208333
RD22,7/14/2018,21.05416667
RD22,7/15/2018,22.99473684
RD22,7/16/2018,22.69791667
RD22,7/17/2018,23.509375
RD22,7/18/2018,25.62736842
RD22,7/19/2018,47.03157895
RD22,7/20/2018,49.63958333
RD22,7/21/2018,47.478125
RD22,7/22/2018,45.48541667
RD22,7/23/2018,55.44105263
RD22,7/24/2018,52.809375
RD22,7/25/2018,50.16808511
RD22,7/26/2018,49.53297872
RD22,7/27/2018,45.36145833
RD22,7/28/2018,33.546875
RD22,7/29/2018,24.371875
RD22,7/30/2018,20.26354167
RD22,7/31/2018,23.65729167
RD22,8/1/2018,28.94895833
RD22,8/2/2018,35.42916667
RD22,8/3/2018,36.84791667
RD22,8/4/2018,35.790625
RD22,8/5/2018,35.81458333
RD22,8/6/2018,38.61041667
RD22,8/7/2018,43.028125
RD22,8/8/2018,45.228125
RD22,8/9/2018,48.07291667
RD22,8/10/2018,51.19791667
RD22,8/11/2018,52.99263158
RD22,8/12/2018,58.75263158
RD22,8/13/2018,61.8
RD22,8/14/2018,62.86875
RD22,8/15/2018,58.36458333
RD22,8/16/2018,53.56666667
RD22,8/17/2018,47.25729167
RD22,8/18/2018,43.53541667
RD22,8/19/2018,40.02395833
RD22,8/20/2018,36.109375
RD22,8/21/2018,33.04166667
RD22,8/22/2018,33.51666667
RD22,8/23/2018,33.64166667
RD22,8/24/2018,38.809375
RD22,8/25/2018,52.921875
RD22,8/26/2018,47.234375
RD22,8/27/2018,95.70416667
RD22,8/28/2018,353.71875
RD22,8/29/2018,390.9166667
RD22,8/30/2018,413.8333333
RD22,8/31/2018,433.6145833
RD22,9/1/2018,407.7395833
RD22,9/2/2018,387.8645833
RD22,9/3/2018,356.625
RD22,9/4/2018,359.1041667
RD22,9/5/2018,489.2083333
RD22,9/6/2018,556.5625
RD22,9/7/2018,562.5729167
RD22,9/8/2018,532.3125
RD22,9/9/2018,471.3645833
RD22,9/10/2018,458.15625
RD22,9/11/2018,458.1458333
RD22,9/12/2018,499.2604167
RD22,9/13/2018,516.6145833
RD22,9/14/2018,520.1458333
RD22,9/15/2018,601.4270833
RD22,9/16/2018,600.0625
RD22,9/17/2018,518.5
RD22,9/18/2018,492.9270833
RD22,9/19/2018,446.875
RD22,9/20/2018,384.625
RD22,9/21/2018,316.71875
RD22,9/22/2018,241.4166667
RD22,9/23/2018,182.2395833
RD22,9/24/2018,159.2291667
RD22,9/25/2018,93.134375
RD22,9/26/2018,21.71770833
RD22,9/27/2018,54.16875
RD22,9/28/2018,68.628125
RD22,9/29/2018,52.503125
RD22,9/30/2018,42.121875
RD22,10/1/2018,32.45416667
RD22,10/2/2018,24.99895833
RD22,10/3/2018,22.590625
RD22,10/4/2018,21.26041667
RD22,10/5/2018,17.446875
RD22,10/6/2018,15.20833333
RD22,10/7/2018,15.77291667
RD22,10/8/2018,17.43854167
RD22,10/9/2018,16.83854167
RD22,10/10/2018,14.125
RD22,10/11/2018,13.20625
RD22,10/12/2018,12.55833333
RD22,10/13/2018,11.40208333
RD22,10/14/2018,10.57677083
RD22,10/15/2018,9.5590625
RD22,10/16/2018,9.1903125
RD22,10/17/2018,10.10177083
RD22,10/18/2018,11.30833333
RD22,10/19/2018,11.328125
RD22,10/20/2018,11.76979167
RD22,10/21/2018,11.6625
RD22,10/22/2018,10.18229167
RD22,10/23/2018,7.991145833
RD22,10/24/2018,6.390729167
RD22,10/25/2018,5.14
RD22,10/26/2018,4.744895833
RD22,10/27/2018,4.6934375
RD22,10/28/2018,4.467395833
RD22,10/29/2018,4.1090625
RD22,10/30/2018,4.025104167
RD22,10/31/2018,4.574583333
RD22,11/1/2018,7.708645833
RD22,11/2/2018,6.853229167
RD22,11/3/2018,5.788645833
RD22,11/4/2018,5.88125
RD22,11/5/2018,6.530104167
RD22,11/6/2018,7.465
RD22,11/7/2018,7.297916667
RD22,11/8/2018,6.2446875
RD22,11/9/2018,6.191578947
RD22,11/10/2018,5.607916667
RD22,11/11/2018,4.851458333
RD22,11/12/2018,4.412083333
RD22,11/13/2018,4.040421053
RD22,11/14/2018,3.8590625
RD22,11/15/2018,5.1990625
RD22,7/1/2019,26.63263158
RD22,7/2/2019,26.35104167
RD22,7/3/2019,22.81041667
RD22,7/4/2019,21.29583333
RD22,7/5/2019,19.78125
RD22,7/6/2019,18.084375
RD22,7/7/2019,19.55520833
RD22,7/8/2019,23.68020833
RD22,7/9/2019,23.09375
RD22,7/10/2019,19.19166667
RD22,7/11/2019,20.371875
RD22,7/12/2019,22.48645833
RD22,7/13/2019,21.30729167
RD22,7/14/2019,20.625
RD22,7/15/2019,23.74479167
RD22,7/16/2019,36.0125
RD22,7/17/2019,38.41354167
RD22,7/18/2019,36.240625
RD22,7/19/2019,25.07916667
RD22,7/20/2019,24.19895833
RD22,7/21/2019,20.28854167
RD22,7/22/2019,20.471875
RD22,7/23/2019,15.97083333
RD22,7/24/2019,16.675
RD22,7/25/2019,15.725
RD22,7/26/2019,18.12604167
RD22,7/27/2019,21.590625
RD22,7/28/2019,20.08958333
RD22,7/29/2019,23
RD22,7/30/2019,20.32604167
RD22,7/31/2019,17.303125
RD22,8/1/2019,15.86666667
RD22,8/2/2019,16.996875
RD22,8/3/2019,17.28125
RD22,8/4/2019,17.596875
RD22,8/5/2019,18.31770833
RD22,8/6/2019,16.71770833
RD22,8/7/2019,14.17604167
RD22,8/8/2019,15.928125
RD22,8/9/2019,23.78333333
RD22,8/10/2019,24
RD22,8/11/2019,19.79375
RD22,8/12/2019,16.365625
RD22,8/13/2019,18.140625
RD22,8/14/2019,19.96041667
RD22,8/15/2019,18.42604167
RD22,8/16/2019,16.34933333
RD22,8/17/2019,16.07717391
RD22,8/18/2019,16.33125
RD22,8/19/2019,15.89791667
RD22,8/20/2019,18.26145833
RD22,8/21/2019,21.02395833
RD22,8/22/2019,17.990625
RD22,8/23/2019,17.77708333
RD22,8/24/2019,20.921875
RD22,8/25/2019,21.934375
RD22,8/26/2019,72.01041667
RD22,8/27/2019,263.71875
RD22,8/28/2019,437.5520833
RD22,8/29/2019,602.6979167
RD22,8/30/2019,621.5729167
RD22,8/31/2019,603.1354167
RD22,9/1/2019,598.8645833
RD22,9/2/2019,586.9166667
RD22,9/3/2019,599.3541667
RD22,9/4/2019,677.7395833
RD22,9/5/2019,722.8020833
RD22,9/6/2019,750.53125
RD22,9/7/2019,680.6041667
RD22,9/8/2019,714.0729167
RD22,9/9/2019,688.15625
RD22,9/10/2019,675.7916667
RD22,9/11/2019,704.75
RD22,9/12/2019,714.8229167
RD22,9/13/2019,715.8645833
RD22,9/14/2019,694.7604167
RD22,9/15/2019,647.71875
RD22,9/16/2019,621.2395833
RD22,9/17/2019,605.9479167
RD22,9/18/2019,662.7708333
RD22,9/19/2019,559.90625
RD22,9/20/2019,291.59375
RD22,9/21/2019,87.53125
RD22,9/22/2019,65.49791667
RD22,9/23/2019,49.48020833
RD22,9/24/2019,41.028125
RD22,9/25/2019,67.16041667
RD22,9/26/2019,56.83333333
RD22,9/27/2019,53.228125
RD22,9/28/2019,48.575
RD22,9/29/2019,46.271875
RD22,9/30/2019,47.71770833
RD22,10/1/2019,42.02916667
RD22,10/2/2019,27.240625
RD22,10/3/2019,26.40625
RD22,10/4/2019,27.84166667
RD22,10/5/2019,44.003125
RD22,10/6/2019,42.63125
RD22,10/7/2019,26.81458333
RD22,10/8/2019,23.38958333
RD22,10/9/2019,29.896875
RD22,10/10/2019,38.275
RD22,10/11/2019,19.09479167
RD22,10/12/2019,15.02916667
RD22,10/13/2019,11.8125
RD22,10/14/2019,11.378125
RD22,10/15/2019,10.79375
RD22,10/16/2019,10.78645833
RD22,10/17/2019,12.0625
RD22,10/18/2019,11.66145833
RD22,10/19/2019,11.30729167
RD22,10/20/2019,10.72291667
RD22,10/21/2019,10.15208333
RD22,10/22/2019,9.691666667
RD22,10/23/2019,9.391145833
RD22,10/24/2019,9.026145833
RD22,10/25/2019,9.043333333
RD22,10/26/2019,10.07552083
RD22,10/27/2019,9.67875
RD22,10/28/2019,9.722916667
RD22,10/29/2019,9.7609375
RD22,10/30/2019,9.5625
RD22,10/31/2019,9.859375
RD22,11/1/2019,11.36770833
RD22,11/2/2019,11.68541667
RD22,11/3/2019,10.68541667
RD22,11/4/2019,10.64375
RD22,11/5/2019,10.265625
RD22,11/6/2019,10.10677083
RD22,11/7/2019,12.70520833
RD22,11/8/2019,15.51666667
RD22,11/9/2019,15.14479167
RD22,11/10/2019,13.36041667
RD22,11/11/2019,14.490625
RD22,11/12/2019,13.340625
RD22,11/13/2019,12.49375
RD22,11/14/2019,12.25104167
RD22,11/15/2019,13.525
RVB,7/1/2013,9665
RVB,7/2/2013,7885.833333
RVB,7/3/2013,8866.666667
RVB,7/4/2013,8195.416667
RVB,7/5/2013,8661.25
RVB,7/6/2013,8377.916667
RVB,7/7/2013,9072.083333
RVB,7/8/2013,10245
RVB,7/9/2013,9356.25
RVB,7/10/2013,8309.583333
RVB,7/11/2013,9752.916667
RVB,7/12/2013,10470.83333
RVB,7/13/2013,9905
RVB,7/14/2013,9338.333333
RVB,7/15/2013,9463.333333
RVB,7/16/2013,10571.25
RVB,7/17/2013,10027.5
RVB,7/18/2013,7741.666667
RVB,7/19/2013,7334.166667
RVB,7/20/2013,7480.416667
RVB,7/21/2013,8302.5
RVB,7/22/2013,10455.83333
RVB,7/23/2013,10381.25
RVB,7/24/2013,9432.5
RVB,7/25/2013,9355
RVB,7/26/2013,10178.75
RVB,7/27/2013,10165.41667
RVB,7/28/2013,9925
RVB,7/29/2013,10708.33333
RVB,7/30/2013,10668.75
RVB,7/31/2013,9639.583333
RVB,8/1/2013,10362.5
RVB,8/2/2013,9040
RVB,8/3/2013,9607.916667
RVB,8/4/2013,11170.83333
RVB,8/5/2013,9715.416667
RVB,8/6/2013,9264.166667
RVB,8/7/2013,10335.41667
RVB,8/8/2013,9132.916667
RVB,8/9/2013,8688.333333
RVB,8/10/2013,9712.916667
RVB,8/11/2013,9581.666667
RVB,8/12/2013,9846.666667
RVB,8/13/2013,9917.083333
RVB,8/14/2013,8667.5
RVB,8/15/2013,8629.583333
RVB,8/16/2013,9275.416667
RVB,8/17/2013,9358.333333
RVB,8/18/2013,8889.583333
RVB,8/19/2013,7847.916667
RVB,8/20/2013,8497.916667
RVB,8/21/2013,10910.41667
RVB,8/22/2013,11266.66667
RVB,8/23/2013,10725
RVB,8/24/2013,10554.16667
RVB,8/25/2013,11762.5
RVB,8/26/2013,11662.5
RVB,8/27/2013,10529.16667
RVB,8/28/2013,10745.83333
RVB,8/29/2013,11320.83333
RVB,8/30/2013,9964.583333
RVB,8/31/2013,8599.583333
RVB,9/1/2013,9518.75
RVB,9/2/2013,9793.333333
RVB,9/3/2013,9302.5
RVB,9/4/2013,8947.916667
RVB,9/5/2013,9227.916667
RVB,9/6/2013,9573.75
RVB,9/7/2013,7615.833333
RVB,9/8/2013,7742.5
RVB,9/9/2013,7726.25
RVB,9/10/2013,7807.083333
RVB,9/11/2013,10843.33333
RVB,9/12/2013,9367.916667
RVB,9/13/2013,7732.916667
RVB,9/14/2013,7475.416667
RVB,9/15/2013,7924.166667
RVB,9/16/2013,7324.166667
RVB,9/17/2013,7667.5
RVB,9/18/2013,7262.083333
RVB,9/19/2013,5140
RVB,9/20/2013,5081.25
RVB,9/21/2013,6821.666667
RVB,9/22/2013,7255.416667
RVB,9/23/2013,6501.25
RVB,9/24/2013,6070
RVB,9/25/2013,8171.25
RVB,9/26/2013,8457.5
RVB,9/27/2013,6956.25
RVB,9/28/2013,6102.083333
RVB,9/29/2013,6058.333333
RVB,9/30/2013,5648.333333
RVB,10/1/2013,5876.25
RVB,10/2/2013,5831.25
RVB,10/3/2013,6344.166667
RVB,10/4/2013,4075.416667
RVB,10/5/2013,3631.25
RVB,10/6/2013,3620.416667
RVB,10/7/2013,3250.416667
RVB,10/8/2013,3603.333333
RVB,10/9/2013,5227.083333
RVB,10/10/2013,6416.666667
RVB,10/11/2013,5732.5
RVB,10/12/2013,4829.583333
RVB,10/13/2013,5497.5
RVB,10/14/2013,4684.166667
RVB,10/15/2013,3196.25
RVB,10/16/2013,3230.416667
RVB,10/17/2013,3199.166667
RVB,10/18/2013,3868.75
RVB,10/19/2013,3717.5
RVB,10/20/2013,3546.25
RVB,10/21/2013,4869.166667
RVB,10/22/2013,5501.666667
RVB,10/23/2013,5245.833333
RVB,10/24/2013,7901.666667
RVB,10/25/2013,8630.416667
RVB,10/26/2013,5400
RVB,10/27/2013,3481.25
RVB,10/28/2013,9175.416667
RVB,10/29/2013,8530.833333
RVB,10/30/2013,6827.5
RVB,10/31/2013,5452.916667
RVB,11/1/2013,4031.666667
RVB,11/2/2013,3952.916667
RVB,11/3/2013,5426.25
RVB,11/4/2013,6041.666667
RVB,11/5/2013,7105.416667
RVB,11/6/2013,7073.333333
RVB,11/7/2013,6175.833333
RVB,11/8/2013,6077.916667
RVB,11/9/2013,5213.333333
RVB,11/10/2013,5112.916667
RVB,11/11/2013,5993.75
RVB,11/12/2013,6025.833333
RVB,11/13/2013,4874.166667
RVB,11/14/2013,4077.083333
RVB,11/15/2013,4575.416667
RVB,7/1/2014,4870.416667
RVB,7/2/2014,8475.416667
RVB,7/3/2014,7631.25
RVB,7/4/2014,5527.916667
RVB,7/5/2014,4635.833333
RVB,7/6/2014,3027.5
RVB,7/7/2014,2004.166667
RVB,7/8/2014,2054.166667
RVB,7/9/2014,2694.166667
RVB,7/10/2014,3777.5
RVB,7/11/2014,4868.75
RVB,7/12/2014,5298.75
RVB,7/13/2014,5671.25
RVB,7/14/2014,4092.5
RVB,7/15/2014,3777.083333
RVB,7/16/2014,5471.25
RVB,7/17/2014,6588.333333
RVB,7/18/2014,5930.416667
RVB,7/19/2014,4469.583333
RVB,7/20/2014,4473.75
RVB,7/21/2014,4879.166667
RVB,7/22/2014,5215.416667
RVB,7/23/2014,6045
RVB,7/24/2014,5265
RVB,7/25/2014,4046.25
RVB,7/26/2014,4208.75
RVB,7/27/2014,4434.583333
RVB,7/28/2014,4607.5
RVB,7/29/2014,5125.416667
RVB,7/30/2014,5165.416667
RVB,7/31/2014,4950.416667
RVB,8/1/2014,4131.25
RVB,8/2/2014,4473.333333
RVB,8/3/2014,4538.333333
RVB,8/4/2014,4384.166667
RVB,8/5/2014,4839.583333
RVB,8/6/2014,3072.083333
RVB,8/7/2014,3747.916667
RVB,8/8/2014,5050
RVB,8/9/2014,5189.166667
RVB,8/10/2014,6192.5
RVB,8/11/2014,4740
RVB,8/12/2014,4691.25
RVB,8/13/2014,5660.833333
RVB,8/14/2014,5245
RVB,8/15/2014,4263.75
RVB,8/16/2014,3459.166667
RVB,8/17/2014,3271.25
RVB,8/18/2014,3279.583333
RVB,8/19/2014,3780.833333
RVB,8/20/2014,5190.833333
RVB,8/21/2014,5073.333333
RVB,8/22/2014,3618.333333
RVB,8/23/2014,3915.833333
RVB,8/24/2014,3754.583333
RVB,8/25/2014,6033.333333
RVB,8/26/2014,6480.416667
RVB,8/27/2014,5642.916667
RVB,8/28/2014,5007.916667
RVB,8/29/2014,5335.416667
RVB,8/30/2014,5232.916667
RVB,8/31/2014,5769.166667
RVB,9/1/2014,4476.666667
RVB,9/2/2014,3340
RVB,9/3/2014,3883.333333
RVB,9/4/2014,3934.583333
RVB,9/5/2014,5547.916667
RVB,9/6/2014,5600.833333
RVB,9/7/2014,4288.75
RVB,9/8/2014,4615.833333
RVB,9/9/2014,5709.583333
RVB,9/10/2014,4702.083333
RVB,9/11/2014,5071.25
RVB,9/12/2014,4969.166667
RVB,9/13/2014,4462.916667
RVB,9/14/2014,5076.25
RVB,9/15/2014,5112.5
RVB,9/16/2014,5071.666667
RVB,9/17/2014,4459.166667
RVB,9/18/2014,5775.833333
RVB,9/19/2014,4891.666667
RVB,9/20/2014,3503.333333
RVB,9/21/2014,5225
RVB,9/22/2014,6157.916667
RVB,9/23/2014,4804.583333
RVB,9/24/2014,4761.25
RVB,9/25/2014,5823.333333
RVB,9/26/2014,4640
RVB,9/27/2014,4179.166667
RVB,9/28/2014,4679.166667
RVB,9/29/2014,3820.416667
RVB,9/30/2014,4461.666667
RVB,10/1/2014,4482.083333
RVB,10/2/2014,4467.916667
RVB,10/3/2014,4171.25
RVB,10/4/2014,3509.166667
RVB,10/5/2014,4003.333333
RVB,10/6/2014,3800.416667
RVB,10/7/2014,3269.583333
RVB,10/8/2014,3831.666667
RVB,10/9/2014,4499.583333
RVB,10/10/2014,5405.833333
RVB,10/11/2014,5761.25
RVB,10/12/2014,5079.166667
RVB,10/13/2014,1902.083333
RVB,10/14/2014,2620
RVB,10/15/2014,5328.75
RVB,10/16/2014,3964.583333
RVB,10/17/2014,4490
RVB,10/18/2014,3491.666667
RVB,10/19/2014,3724.166667
RVB,10/20/2014,5903.333333
RVB,10/21/2014,5439.583333
RVB,10/22/2014,4436.666667
RVB,10/23/2014,4462.5
RVB,10/24/2014,2649.166667
RVB,10/25/2014,3254.583333
RVB,10/26/2014,6788.75
RVB,10/27/2014,6167.5
RVB,10/28/2014,6247.083333
RVB,10/29/2014,6160
RVB,10/30/2014,4048.333333
RVB,10/31/2014,4411.666667
RVB,11/1/2014,6820
RVB,11/2/2014,7694.583333
RVB,11/3/2014,7487.5
RVB,11/4/2014,7326.25
RVB,11/5/2014,5422.916667
RVB,11/6/2014,5056.666667
RVB,11/7/2014,4957.5
RVB,11/8/2014,4827.083333
RVB,11/9/2014,3914.166667
RVB,11/10/2014,3907.916667
RVB,11/11/2014,6598.333333
RVB,11/12/2014,7655.833333
RVB,11/13/2014,6849.583333
RVB,11/14/2014,6561.25
RVB,11/15/2014,7186.666667
RVB,7/1/2015,1589.583333
RVB,7/2/2015,1970.833333
RVB,7/3/2015,2334.166667
RVB,7/4/2015,1442
RVB,7/5/2015,4803.333333
RVB,7/6/2015,6391.25
RVB,7/7/2015,5021.666667
RVB,7/8/2015,4848.75
RVB,7/9/2015,5352.916667
RVB,7/10/2015,3726.666667
RVB,7/11/2015,3224.166667
RVB,7/12/2015,4000.416667
RVB,7/13/2015,3297.5
RVB,7/14/2015,2887.5
RVB,7/15/2015,2522.5
RVB,7/16/2015,2967.916667
RVB,7/17/2015,3394.583333
RVB,7/18/2015,5822.916667
RVB,7/19/2015,7136.666667
RVB,7/20/2015,4447.916667
RVB,7/21/2015,5181.25
RVB,7/22/2015,7242.5
RVB,7/23/2015,8455
RVB,7/24/2015,5985.416667
RVB,7/25/2015,2285.416667
RVB,7/26/2015,2367.083333
RVB,7/27/2015,4009.583333
RVB,7/28/2015,3300.416667
RVB,7/29/2015,1855.833333
RVB,7/30/2015,3162.083333
RVB,7/31/2015,3020
RVB,8/1/2015,3350
RVB,8/2/2015,3272.916667
RVB,8/3/2015,4338.333333
RVB,8/4/2015,6661.25
RVB,8/5/2015,6719.583333
RVB,8/6/2015,4423.333333
RVB,8/7/2015,3265
RVB,8/8/2015,3547.083333
RVB,8/9/2015,3252.916667
RVB,8/10/2015,3308.75
RVB,8/11/2015,5287.5
RVB,8/12/2015,5885.833333
RVB,8/13/2015,5255
RVB,8/14/2015,5679.583333
RVB,8/15/2015,4470
RVB,8/16/2015,3086.25
RVB,8/17/2015,1927.083333
RVB,8/18/2015,2498.75
RVB,8/19/2015,4098.75
RVB,8/20/2015,4175.416667
RVB,8/21/2015,4130
RVB,8/22/2015,4458.333333
RVB,8/23/2015,4527.916667
RVB,8/24/2015,5240.833333
RVB,8/25/2015,5067.5
RVB,8/26/2015,4647.5
RVB,8/27/2015,4300.416667
RVB,8/28/2015,3938.333333
RVB,8/29/2015,4775
RVB,8/30/2015,5800.416667
RVB,8/31/2015,5448.75
RVB,9/1/2015,4797.5
RVB,9/2/2015,4485.833333
RVB,9/3/2015,5035
RVB,9/4/2015,5447.916667
RVB,9/5/2015,5640
RVB,9/6/2015,3331.666667
RVB,9/7/2015,2146.25
RVB,9/8/2015,2072.916667
RVB,9/9/2015,2325.416667
RVB,9/10/2015,2338.333333
RVB,9/11/2015,2485.416667
RVB,9/12/2015,3787.5
RVB,9/13/2015,3413.333333
RVB,9/14/2015,3397.916667
RVB,9/15/2015,5601.25
RVB,9/16/2015,6738.333333
RVB,9/17/2015,5117.5
RVB,9/18/2015,3939.583333
RVB,9/19/2015,2605.416667
RVB,9/20/2015,1962.5
RVB,9/21/2015,1011.416667
RVB,9/22/2015,3044.583333
RVB,9/23/2015,5465
RVB,9/24/2015,3692.5
RVB,9/25/2015,2335
RVB,9/26/2015,3072.083333
RVB,9/27/2015,3692.083333
RVB,9/28/2015,4025.416667
RVB,9/29/2015,4277.916667
RVB,9/30/2015,5311.25
RVB,10/1/2015,4244.166667
RVB,10/2/2015,3350.833333
RVB,10/3/2015,2200
RVB,10/4/2015,3482.5
RVB,10/5/2015,4027.5
RVB,10/6/2015,5464.583333
RVB,10/7/2015,5511.25
RVB,10/8/2015,5537.916667
RVB,10/9/2015,4437.083333
RVB,10/10/2015,4660.416667
RVB,10/11/2015,5307.083333
RVB,10/12/2015,5252.916667
RVB,10/13/2015,3118.75
RVB,10/14/2015,1347.5
RVB,10/15/2015,2249.166667
RVB,10/16/2015,2157.5
RVB,10/17/2015,4555
RVB,10/18/2015,5693.333333
RVB,10/19/2015,5507.083333
RVB,10/20/2015,3800
RVB,10/21/2015,2714.166667
RVB,10/22/2015,3197.916667
RVB,10/23/2015,4203.75
RVB,10/24/2015,3648.333333
RVB,10/25/2015,3795
RVB,10/26/2015,4210
RVB,10/27/2015,4237.5
RVB,10/28/2015,4135.416667
RVB,10/29/2015,4852.083333
RVB,10/30/2015,5062.5
RVB,10/31/2015,4386.25
RVB,11/1/2015,5165.416667
RVB,11/2/2015,4932.5
RVB,11/3/2015,5507.5
RVB,11/4/2015,5259.583333
RVB,11/5/2015,4910
RVB,11/6/2015,3681.25
RVB,11/7/2015,3145.416667
RVB,11/8/2015,2875
RVB,11/9/2015,4582.916667
RVB,11/10/2015,6733.75
RVB,11/11/2015,5037.083333
RVB,11/12/2015,3274.583333
RVB,11/13/2015,3081.666667
RVB,11/14/2015,249.2083333
RVB,11/15/2015,3616.958333
RVB,7/1/2016,5695
RVB,7/2/2016,6178.75
RVB,7/3/2016,7569.583333
RVB,7/4/2016,8502.5
RVB,7/5/2016,9472.5
RVB,7/6/2016,9977.916667
RVB,7/7/2016,9902.5
RVB,7/8/2016,9900.833333
RVB,7/9/2016,10450
RVB,7/10/2016,10970.83333
RVB,7/11/2016,9314.583333
RVB,7/12/2016,8935.833333
RVB,7/13/2016,8812.083333
RVB,7/14/2016,7302.916667
RVB,7/15/2016,7134.583333
RVB,7/31/2016,9669.166667
RVB,8/1/2016,9983.75
RVB,8/2/2016,9983.75
RVB,8/3/2016,9602.916667
RVB,8/4/2016,9912.916667
RVB,8/5/2016,11050
RVB,8/6/2016,10941.66667
RVB,8/7/2016,11158.33333
RVB,8/8/2016,10966.66667
RVB,8/9/2016,10092.5
RVB,8/10/2016,9417.916667
RVB,8/11/2016,10729.16667
RVB,8/12/2016,10862.5
RVB,8/13/2016,10625
RVB,8/14/2016,9751.666667
RVB,8/15/2016,9856.666667
RVB,8/16/2016,9374.583333
RVB,8/17/2016,8559.166667
RVB,8/18/2016,8133.75
RVB,8/19/2016,8102.916667
RVB,8/20/2016,8150.416667
RVB,8/21/2016,8687.916667
RVB,8/22/2016,9200.416667
RVB,8/23/2016,9187.5
RVB,8/24/2016,8762.5
RVB,8/25/2016,7701.666667
RVB,8/26/2016,8103.333333
RVB,8/27/2016,10213.33333
RVB,8/28/2016,9891.666667
RVB,8/29/2016,9612.5
RVB,8/30/2016,9207.5
RVB,8/31/2016,9137.083333
RVB,9/1/2016,9439.166667
RVB,9/2/2016,8949.166667
RVB,9/3/2016,8896.666667
RVB,9/4/2016,9777.5
RVB,9/5/2016,9882.5
RVB,9/6/2016,10991.66667
RVB,9/7/2016,9113.333333
RVB,9/8/2016,8319.583333
RVB,9/9/2016,10137.91667
RVB,9/10/2016,9556.666667
RVB,9/11/2016,9604.166667
RVB,9/12/2016,10182.5
RVB,9/13/2016,10591.66667
RVB,9/14/2016,9326.666667
RVB,9/15/2016,7614.166667
RVB,9/16/2016,7805
RVB,9/17/2016,8277.916667
RVB,9/18/2016,7913.333333
RVB,9/19/2016,6337.5
RVB,9/20/2016,6227.083333
RVB,9/21/2016,7671.666667
RVB,9/22/2016,9937.083333
RVB,9/23/2016,8255
RVB,9/24/2016,6753.333333
RVB,9/25/2016,6381.666667
RVB,9/26/2016,5443.333333
RVB,9/27/2016,4798.333333
RVB,9/28/2016,4256.666667
RVB,9/29/2016,5912.083333
RVB,9/30/2016,7235.416667
RVB,10/1/2016,6896.25
RVB,10/2/2016,6095
RVB,10/3/2016,7132.5
RVB,10/4/2016,5854.583333
RVB,10/5/2016,6913.75
RVB,10/6/2016,7037.083333
RVB,10/7/2016,6247.083333
RVB,10/8/2016,5832.916667
RVB,10/9/2016,5194.583333
RVB,10/10/2016,5127.083333
RVB,10/11/2016,6449.583333
RVB,10/12/2016,5898.333333
RVB,10/13/2016,4312.083333
RVB,10/14/2016,4171.666667
RVB,10/15/2016,4277.916667
RVB,10/16/2016,5117.083333
RVB,10/17/2016,7654.166667
RVB,10/18/2016,7098.333333
RVB,10/19/2016,6277.916667
RVB,10/20/2016,5168.75
RVB,10/21/2016,4308.333333
RVB,10/22/2016,4805
RVB,10/23/2016,4640.833333
RVB,10/24/2016,5697.083333
RVB,10/25/2016,6478.333333
RVB,10/26/2016,5706.666667
RVB,10/27/2016,6223.333333
RVB,10/28/2016,7285.416667
RVB,10/29/2016,7234.166667
RVB,10/30/2016,8400.833333
RVB,10/31/2016,10775
RVB,11/1/2016,10076.25
RVB,11/2/2016,10641.66667
RVB,11/3/2016,10237.5
RVB,11/4/2016,9917.5
RVB,11/5/2016,9157.5
RVB,11/6/2016,10308.75
RVB,11/7/2016,11016.66667
RVB,11/8/2016,9233.75
RVB,11/9/2016,7278.333333
RVB,11/10/2016,5671.25
RVB,11/11/2016,4769.166667
RVB,11/12/2016,6334.166667
RVB,11/13/2016,7602.083333
RVB,11/14/2016,6206.25
RVB,11/15/2016,5653.75
RVB,7/1/2017,9002.083333
RVB,7/2/2017,8046.666667
RVB,7/3/2017,8165.833333
RVB,7/4/2017,7746.666667
RVB,7/5/2017,8271.25
RVB,7/6/2017,8009.583333
RVB,7/7/2017,7446.25
RVB,7/8/2017,6743.333333
RVB,7/9/2017,7155.833333
RVB,7/10/2017,7240
RVB,7/11/2017,7662.5
RVB,7/12/2017,7749.166667
RVB,7/13/2017,8278.75
RVB,7/14/2017,8914.166667
RVB,7/15/2017,8997.5
RVB,7/16/2017,7571.25
RVB,7/17/2017,6947.083333
RVB,7/18/2017,7604.583333
RVB,7/19/2017,7462.083333
RVB,7/20/2017,7349.166667
RVB,7/21/2017,7582.5
RVB,7/22/2017,7680.833333
RVB,7/23/2017,7278.333333
RVB,7/24/2017,8216.666667
RVB,7/25/2017,10517.5
RVB,7/26/2017,10508.33333
RVB,7/27/2017,10200
RVB,7/28/2017,10462.5
RVB,7/29/2017,10558.33333
RVB,7/30/2017,10345.83333
RVB,7/31/2017,10425
RVB,8/1/2017,10166.66667
RVB,8/2/2017,10525
RVB,8/3/2017,10645.83333
RVB,8/4/2017,10246.66667
RVB,8/5/2017,9826.25
RVB,8/6/2017,11033.33333
RVB,8/7/2017,11375
RVB,8/8/2017,11133.33333
RVB,8/9/2017,11620.83333
RVB,8/10/2017,11666.66667
RVB,8/11/2017,11758.33333
RVB,8/12/2017,11108.33333
RVB,8/13/2017,10658.33333
RVB,8/14/2017,11025
RVB,8/15/2017,10937.5
RVB,8/16/2017,10550
RVB,8/17/2017,10770.83333
RVB,8/18/2017,10666.66667
RVB,8/19/2017,10741.66667
RVB,8/20/2017,11866.66667
RVB,8/21/2017,13070.83333
RVB,8/22/2017,12770.83333
RVB,8/23/2017,11995.83333
RVB,8/24/2017,12775
RVB,8/25/2017,13062.5
RVB,8/26/2017,12733.33333
RVB,8/27/2017,12175
RVB,8/28/2017,10912.5
RVB,8/29/2017,11608.33333
RVB,8/30/2017,13304.16667
RVB,8/31/2017,13291.66667
RVB,9/1/2017,11512.5
RVB,9/2/2017,11204.16667
RVB,9/3/2017,11083.33333
RVB,9/4/2017,11187.5
RVB,9/5/2017,12770.83333
RVB,9/6/2017,12258.33333
RVB,9/7/2017,12225
RVB,9/8/2017,11483.33333
RVB,9/9/2017,12304.16667
RVB,9/10/2017,11700
RVB,9/11/2017,11287.5
RVB,9/12/2017,11291.66667
RVB,9/13/2017,12495.83333
RVB,9/14/2017,14804.16667
RVB,9/15/2017,14145.83333
RVB,9/16/2017,12575
RVB,9/17/2017,12475
RVB,9/18/2017,14429.16667
RVB,9/19/2017,16666.66667
RVB,9/20/2017,15191.66667
RVB,9/21/2017,15829.16667
RVB,9/22/2017,14050
RVB,9/23/2017,12170.83333
RVB,9/24/2017,11937.5
RVB,9/25/2017,13383.33333
RVB,9/26/2017,15016.66667
RVB,9/27/2017,15712.5
RVB,9/28/2017,15095.83333
RVB,9/29/2017,13795.83333
RVB,9/30/2017,13425
RVB,10/1/2017,12658.33333
RVB,10/2/2017,12991.66667
RVB,10/3/2017,13829.16667
RVB,10/4/2017,14116.66667
RVB,10/5/2017,12554.16667
RVB,10/6/2017,10202.08333
RVB,10/7/2017,7790.416667
RVB,10/8/2017,9222.5
RVB,10/9/2017,8570.416667
RVB,10/10/2017,8678.75
RVB,10/11/2017,10987.08333
RVB,10/12/2017,11320.83333
RVB,10/13/2017,9427.083333
RVB,10/14/2017,7520.416667
RVB,10/15/2017,6556.666667
RVB,10/16/2017,7276.25
RVB,10/17/2017,7450
RVB,10/18/2017,6896.666667
RVB,10/19/2017,7628.333333
RVB,10/20/2017,9183.75
RVB,10/21/2017,8697.083333
RVB,10/22/2017,7606.666667
RVB,10/23/2017,6926.666667
RVB,10/24/2017,7885.833333
RVB,10/25/2017,8344.166667
RVB,10/26/2017,8887.5
RVB,10/27/2017,7982.083333
RVB,10/28/2017,6180.416667
RVB,10/29/2017,5577.916667
RVB,10/30/2017,7033.333333
RVB,10/31/2017,8196.25
RVB,11/1/2017,7347.5
RVB,11/2/2017,8036.666667
RVB,11/3/2017,6379.583333
RVB,11/4/2017,5506.666667
RVB,11/5/2017,6897.083333
RVB,11/6/2017,8626.666667
RVB,11/7/2017,9188.75
RVB,11/8/2017,7505
RVB,11/9/2017,9209.583333
RVB,11/10/2017,9130.416667
RVB,11/11/2017,8425
RVB,11/12/2017,7710.833333
RVB,11/13/2017,8174.583333
RVB,11/14/2017,8935.833333
RVB,11/15/2017,7587.916667
RVB,7/1/2018,6909.583333
RVB,7/2/2018,8130
RVB,7/3/2018,8286.25
RVB,7/4/2018,10146.66667
RVB,7/5/2018,10355
RVB,7/6/2018,8310
RVB,7/7/2018,6657.083333
RVB,7/8/2018,6870
RVB,7/9/2018,6910
RVB,7/10/2018,5321.25
RVB,7/11/2018,4613.333333
RVB,7/12/2018,6467.916667
RVB,7/13/2018,8174.166667
RVB,7/14/2018,7848.75
RVB,7/15/2018,8909.583333
RVB,7/16/2018,9455
RVB,7/17/2018,9543.75
RVB,7/18/2018,8540.833333
RVB,7/19/2018,7472.083333
RVB,7/20/2018,7739.166667
RVB,7/21/2018,8666.25
RVB,7/22/2018,9647.916667
RVB,7/23/2018,9188.333333
RVB,7/24/2018,8923.333333
RVB,7/25/2018,8658.75
RVB,7/26/2018,8382.5
RVB,7/27/2018,8749.166667
RVB,7/28/2018,9513.75
RVB,7/29/2018,9464.583333
RVB,7/30/2018,9465
RVB,7/31/2018,9881.25
RVB,8/1/2018,10316.66667
RVB,8/2/2018,10416.66667
RVB,8/3/2018,10416.66667
RVB,8/4/2018,9285
RVB,8/5/2018,9425
RVB,8/6/2018,9218.333333
RVB,8/7/2018,8685.416667
RVB,8/8/2018,9855.833333
RVB,8/9/2018,9849.166667
RVB,8/10/2018,9773.333333
RVB,8/11/2018,9967.083333
RVB,8/12/2018,9574.583333
RVB,8/13/2018,9772.083333
RVB,8/14/2018,10300
RVB,8/15/2018,10508.33333
RVB,8/16/2018,10450
RVB,8/17/2018,9433.75
RVB,8/18/2018,7727.916667
RVB,8/19/2018,7439.166667
RVB,8/20/2018,8384.166667
RVB,8/21/2018,10089.16667
RVB,8/22/2018,10250
RVB,8/23/2018,9980.833333
RVB,8/24/2018,9865
RVB,8/25/2018,9057.916667
RVB,8/26/2018,8788.333333
RVB,8/27/2018,9101.666667
RVB,8/28/2018,9984.583333
RVB,8/29/2018,10133.33333
RVB,8/30/2018,10079.16667
RVB,8/31/2018,9891.25
RVB,9/1/2018,9185.416667
RVB,9/2/2018,8358.333333
RVB,9/3/2018,8574.166667
RVB,9/4/2018,9127.916667
RVB,9/5/2018,9764.583333
RVB,9/6/2018,11241.66667
RVB,9/7/2018,10073.75
RVB,9/8/2018,9518.333333
RVB,9/9/2018,9755.833333
RVB,9/10/2018,9429.166667
RVB,9/11/2018,8947.5
RVB,9/12/2018,9652.916667
RVB,9/13/2018,9761.666667
RVB,9/14/2018,9243.333333
RVB,9/15/2018,9419.166667
RVB,9/16/2018,10679.16667
RVB,9/17/2018,9505
RVB,9/18/2018,9001.666667
RVB,9/19/2018,9210
RVB,9/20/2018,8420.416667
RVB,9/21/2018,7441.666667
RVB,9/22/2018,8117.083333
RVB,9/23/2018,8478.75
RVB,9/24/2018,8292.916667
RVB,9/25/2018,7939.583333
RVB,9/26/2018,7847.083333
RVB,9/27/2018,6267.083333
RVB,9/28/2018,7025.833333
RVB,9/29/2018,8743.75
RVB,9/30/2018,8480
RVB,10/1/2018,7883.333333
RVB,10/2/2018,7278.75
RVB,10/3/2018,7393.333333
RVB,10/4/2018,8302.916667
RVB,10/5/2018,8050.416667
RVB,10/6/2018,8073.333333
RVB,10/7/2018,7213.333333
RVB,10/8/2018,3994.166667
RVB,10/9/2018,2017.083333
RVB,10/10/2018,3785.833333
RVB,10/11/2018,5774.583333
RVB,10/12/2018,5595.416667
RVB,10/13/2018,5084.166667
RVB,10/14/2018,7696.666667
RVB,10/15/2018,6763.333333
RVB,10/16/2018,4871.25
RVB,10/17/2018,5360.416667
RVB,10/18/2018,5753.75
RVB,10/19/2018,4777.083333
RVB,10/20/2018,3770.833333
RVB,10/21/2018,4412.5
RVB,10/22/2018,5479.583333
RVB,10/23/2018,6279.166667
RVB,10/24/2018,5680.833333
RVB,10/25/2018,4820.416667
RVB,10/26/2018,3963.75
RVB,10/27/2018,3399.583333
RVB,10/28/2018,5135.833333
RVB,10/29/2018,5707.916667
RVB,10/30/2018,4444.166667
RVB,10/31/2018,4298.75
RVB,11/1/2018,3882.083333
RVB,11/2/2018,3797.916667
RVB,11/3/2018,3261.25
RVB,11/4/2018,3022.916667
RVB,11/5/2018,3559.583333
RVB,11/6/2018,4130
RVB,11/7/2018,3924.166667
RVB,11/8/2018,3815
RVB,11/9/2018,1654.458333
RVB,11/10/2018,1147.458333
RVB,11/11/2018,2597.5
RVB,11/12/2018,3279.583333
RVB,11/13/2018,4640.833333
RVB,11/14/2018,5014.166667
RVB,11/15/2018,4839.166667
RVB,7/1/2019,8776.25
RVB,7/2/2019,9504.166667
RVB,7/3/2019,9590.416667
RVB,7/4/2019,9564.583333
RVB,7/5/2019,10072.08333
RVB,7/6/2019,10183.75
RVB,7/7/2019,9792.083333
RVB,7/8/2019,10362.5
RVB,7/9/2019,9294.166667
RVB,7/10/2019,8082.916667
RVB,7/11/2019,7793.333333
RVB,7/12/2019,7441.666667
RVB,7/13/2019,7475
RVB,7/14/2019,8599.166667
RVB,7/15/2019,8034.583333
RVB,7/16/2019,7640.833333
RVB,7/17/2019,8075
RVB,7/18/2019,6831.25
RVB,7/19/2019,7573.333333
RVB,7/20/2019,9474.166667
RVB,7/21/2019,9914.583333
RVB,7/22/2019,9318.75
RVB,7/23/2019,8821.25
RVB,7/24/2019,8099.166667
RVB,7/25/2019,6700.416667
RVB,7/26/2019,7220.833333
RVB,7/27/2019,7947.916667
RVB,7/28/2019,7105.833333
RVB,7/29/2019,8585.833333
RVB,7/30/2019,9011.25
RVB,7/31/2019,8496.25
RVB,8/1/2019,9264.166667
RVB,8/2/2019,9468.333333
RVB,8/3/2019,8890.416667
RVB,8/4/2019,9094.583333
RVB,8/5/2019,9051.666667
RVB,8/6/2019,8452.083333
RVB,8/7/2019,8847.5
RVB,8/15/2019,8425
RVB,8/16/2019,7677.5
RVB,8/17/2019,8949.166667
RVB,8/18/2019,11733.33333
RVB,8/19/2019,12012.5
RVB,8/20/2019,10962.5
RVB,8/21/2019,10190.41667
RVB,8/22/2019,8889.583333
RVB,8/23/2019,8779.583333
RVB,8/24/2019,11337.5
RVB,8/25/2019,10800
RVB,8/26/2019,9942.916667
RVB,8/27/2019,9165
RVB,8/28/2019,10324.16667
RVB,8/29/2019,12133.33333
RVB,8/30/2019,10727.91667
RVB,8/31/2019,9388.75
RVB,9/1/2019,9671.25
RVB,9/2/2019,10060.41667
RVB,9/3/2019,10093.33333
RVB,9/4/2019,9454.583333
RVB,9/5/2019,10575.83333
RVB,9/6/2019,11695.83333
RVB,9/7/2019,11258.33333
RVB,9/8/2019,12500
RVB,9/9/2019,11266.66667
RVB,9/10/2019,11550
RVB,9/11/2019,11166.66667
RVB,9/12/2019,10042.08333
RVB,9/13/2019,8628.75
RVB,9/14/2019,8388.75
RVB,9/15/2019,9873.75
RVB,9/16/2019,12070.83333
RVB,9/17/2019,10987.5
RVB,9/18/2019,10804.16667
RVB,9/19/2019,11962.5
RVB,9/20/2019,10904.16667
RVB,9/21/2019,10060.83333
RVB,9/22/2019,9780.416667
RVB,9/23/2019,10700
RVB,9/24/2019,9244.166667
RVB,9/25/2019,7235.833333
RVB,9/26/2019,6735
RVB,9/27/2019,9721.666667
RVB,9/28/2019,9691.666667
RVB,9/29/2019,9848.75
RVB,9/30/2019,9912.916667
RVB,10/1/2019,9382.083333
RVB,10/2/2019,8433.333333
RVB,10/3/2019,8852.083333
RVB,10/4/2019,10529.16667
RVB,10/5/2019,9667.083333
RVB,10/6/2019,8890.833333
RVB,10/7/2019,7942.916667
RVB,10/8/2019,7675.833333
RVB,10/9/2019,9542.5
RVB,10/10/2019,8233.75
RVB,10/11/2019,6105.416667
RVB,10/12/2019,5169.166667
RVB,10/13/2019,4818.333333
RVB,10/14/2019,5382.5
RVB,10/15/2019,5704.444444
RVB,10/26/2019,5332.608696
RVB,10/27/2019,5072.083333
RVB,10/28/2019,3034.583333
RVB,10/29/2019,4844.166667
RVB,10/30/2019,5691.25
RVB,10/31/2019,4475.833333
RVB,11/1/2019,4123.75
RVB,11/2/2019,4947.5
RVB,11/3/2019,5365.833333
RVB,11/4/2019,5927.5
RVB,11/5/2019,5121.666667
RVB,11/6/2019,3740.416667
RVB,11/7/2019,3746.666667
RVB,11/8/2019,4126.25
RVB,11/9/2019,3763.333333
RVB,11/10/2019,3402.916667
RVB,11/11/2019,3608.75
RVB,11/12/2019,3174.583333
RVB,11/13/2019,2546.25
RVB,11/14/2019,4123.333333
RVB,11/15/2019,5096.666667
